University of Texas at San Antonio Schedule of Classes

These are the search criteria you submitted :
Term: Fall 2019
Subject:     CS 
Course Number: %%
Attributes: Any
Part of Term: Any
Time Blocks: Any
Campus: Any

FALL 2019 (202010)
Status,Subject,Course,Section,CRN,Title,Cred,Meeting Days,Times,Campus,Location,Instructor,Date,Weeks,Seats,Enrolled,Available,Final Exam,Fees,Notes,Comments
OPEN,CS,1063,001,23013,Intro to Comp Programming I,  3,MWF,12:00-12:50pm,Main Camp,NPB 1.202,Zhang, Weining,08/26-12/13,17,60,53,7,Sat  Dec 07  07:00 am - 09:30 am  ,   $30,O,Enrollment in CS 1063 is restricted to non-Computer Science majors & minors. Computer Science majors & minors should enroll in CS 1083.
OPEN,CS,1083,001,20887,Prog I for Computer Scientists,  3,MW,6:00-7:15pm,Main Camp,NPB 1.202,Gomez-Morales, Mauricio Alejandro,08/26-12/13,17,60,44,16,Mon  Dec 09  06:00 pm - 08:30 pm  ,   $30,O,Enrollment in this class is restricted to Computer Science majors & minors.
OPEN,CS,1083,002,20919,Prog I for Computer Scientists,  3,MWF,1:00-1:50pm,Main Camp,NPB 1.238,Gomez-Morales, Mauricio Alejandro,08/26-12/13,17,60,58,2,Tue  Dec 10  12:30 pm - 03:00 pm  ,   $30,O,Enrollment in this class is restricted to Computer Science majors and minors.
OPEN,CS,1083,003,20947,Prog I for Computer Scientists,  3,MWF,10:00-10:50am,Main Camp,NPB 1.202,Zhang, Weining,08/26-12/13,17,60,59,1,Wed  Dec 11  07:00 am - 09:30 am  ,   $30,O,Enrollment in this class is restricted to Computer Science majors & minors.
OPEN,CS,1083,004,23014,Prog I for Computer Scientists,  3,MWF,3:00-3:50pm,Main Camp,NPB 1.202,Boyd, Lee,08/26-12/13,17,60,52,8,Thu  Dec 12  03:15 pm - 05:45 pm  ,   $30,O,Enrollment in this class is restricted to Computer Science majors & minors.
OPEN,CS,1083,005,23875,Prog I for Computer Scientists,  3,TR,8:30-9:45am,Main Camp,NPB 1.238,Tran, Richard V.,08/26-12/13,17,60,59,1,Fri  Dec 13  09:45 am - 12:15 pm  ,   $30,O,Enrollment in this class is restricted to Computer Science majors and minors.
CANCELED,CS,1083,006,23939,Prog I for Computer Scientists,  3,TBA,TBA,Main Camp, ,Staff,08/26-12/13,17,60,0,60,To be determined by instructor ,   $30,O,Enrollment in this class is restricted to Computer Science & minors.
OPEN,CS,1173,001,17226,Data Analysis and Visual(Q),  3,TR,10:00-11:15am,Main Camp,NPB 1.202,Roberson, Dawnlee J.,08/26-12/13,17,75,73,2,Mon  Dec 09  09:45 am - 12:15 pm  ,   $42,O, & minors.Course satisfies UTSA quantitative scholarship requirement
OPEN,CS,1173,002,17227,Data Analysis and Visual(Q),  3,TR,6:00-7:15pm,Main Camp,NPB 1.238,Rutherford, Linda B.,08/26-12/13,17,60,54,6,Tue  Dec 10  06:00 pm - 08:30 pm  ,   $42,O,Course satisfies UTSA quantitative scholarship requirement.
OPEN,CS,1173,003,13310,Data Analysis and Visual(Q),  3,TBA,TBA,Internet, ,Roberson, Dawnlee J.,08/26-12/13,17,98,77,21,To be determined by instructor ,  $117,O,Mandatory meeting for Midterm and Final. October 5  2019 and December 7  2019  10 am to 4 pm in room NPB 1.202. Course satisfies UTSA quantitative scholarship requirement.
OPEN,CS,1173,004,13357,Data Analysis and Visual(Q),  3,TBA,TBA,Internet, ,Roberson, Dawnlee J.,08/26-12/13,17,98,88,10,To be determined by instructor ,  $117,O,Mandatory meeting for Midterm and Final. October 5  2019 and December 7  2019  10 am to 4 pm in room NPB 1.202. Course satisfies UTSA quantitative scholarship requirement.
CANCELED,CS,1173,005,24753,Data Analysis and Visual (Q),  3,TBA,TBA,Main Camp, ,Staff,08/26-12/13,17,60,0,60,To be determined by instructor ,   $42,O,Course satisfies UTSA quantitative scholarship requirement.
OPEN,CS,1173,006,25103,Data Analysis and Visual (Q),  3,TR,11:30-12:45pm,Main Camp,BB 3.01.08,Senseman, David M.,08/26-12/13,17,40,39,1,Tue  Dec 10  09:45 am - 12:15 pm  ,   $42,O,This section will use R programming language and environment instead of MATLAB.  Course satisfies UTSA quantitative scholarship requirement.
OPEN,CS,1711,001,12173,Computer Prog II Recitation,  1,T,4:00-4:50pm,Main Camp,NPB 1.226,Yuen, Timothy T.,08/26-12/13,17,40,38,2,To be determined by instructor ,   $10,O,Concurrent enrollment in CS 1713.001 is required.
OPEN,CS,1711,002,10431,Computer Prog II Recitation,  1,R,4:00-4:50pm,Main Camp,NPB 1.226,Yuen, Timothy T.,08/26-12/13,17,40,26,14,To be determined by instructor ,   $10,O,Concurrent enrollment in CS 1713.001 is required.
OPEN,CS,1711,003,24642,Computer Prog II Recitation,  1,M,10:00-10:50am,Main Camp,NPB 1.226,Desai, Kevin,08/26-12/13,17,40,27,13,To be determined by instructor ,   $10,O,Concurrent enrollment in CS 1713.002 is required.
OPEN,CS,1711,004,17273,Computer Prog II Recitation,  1,W,10:00-10:50am,Main Camp,NPB 1.226,Desai, Kevin,08/26-12/13,17,40,25,15,To be determined by instructor ,   $10,O,Concurrent enrollment in CS 1713.002 is required.
OPEN,CS,1711,005,16285,Computer Prog II Recitation,  1,M,2:00-2:50pm,Main Camp,NPB 1.226,Desai, Kevin,08/26-12/13,17,40,33,7,To be determined by instructor ,   $10,O,Concurrent enrollment in CS 1713.003 is required.
OPEN,CS,1711,006,16286,Computer Prog II Recitation,  1,W,2:00-2:50pm,Main Camp,NPB 1.226,Desai, Kevin,08/26-12/13,17,40,24,16,To be determined by instructor ,   $10,O,Concurrent enrollment in CS 1713.003 is required.
CANCELED,CS,1711,009,23017,Computer Prog II Recitation,  1,TBA,TBA,Main Camp, ,Staff,08/26-12/13,17,40,0,40,To be determined by instructor ,   $10,O,Concurrent enrollment in CS 1713.004 is required.
CANCELED,CS,1711,010,24756,Computer Prog II Recitation,  1,TBA,TBA,Main Camp, ,Staff,08/26-12/13,17,40,0,40,To be determined by instructor ,   $10,O,Concurrent enrollment in CS 1713.004 is required.
OPEN,CS,1713,001,10344,Computer Programming II,  3,TR,2:30-3:45pm,Main Camp,NPB 1.202,Yuen, Timothy T.,08/26-12/13,17,65,64,1,Thu  Dec 12  12:30 pm - 03:00 pm  ,   $30,O,Concurrent enrollment in CS 1711.001 or CS 1711.002.
OPEN,CS,1713,002,17274,Computer Programming II,  3,MWF,9:00-9:50am,Main Camp,NPB 1.238,Desai, Kevin,08/26-12/13,17,60,51,9,Tue  Dec 10  07:00 am - 09:30 am  ,   $30,O,Concurrent enrollment in CS 1711.003 or CS 1711.004.
OPEN,CS,1713,003,16152,Computer Programming II,  3,MWF,1:00-1:50pm,Main Camp,NPB 1.202,Desai, Kevin,08/26-12/13,17,65,58,7,Tue  Dec 10  12:30 pm - 03:00 pm  ,   $30,O,Concurrent enrollment in CS 1711.005 or CS 1711.006.
CANCELED,CS,1713,004,24755,Computer Programming II,  3,TBA,TBA,Main Camp, ,Staff,08/26-12/13,17,60,0,60,To be determined by instructor ,   $30,O,Concurrent enrollment in CS 1711.009 or CS 1711.010 is required.
OPEN,CS,2073,001,12913,Comp Prog W/Egr Application,  3,MW,6:00-7:15pm,Main Camp,NPB 1.238,Moradi, Hamidreza,08/26-12/13,17,60,58,2,Mon  Dec 09  06:00 pm - 08:30 pm  ,   $30,O, 
OPEN,CS,2121,001,12848,Data Structures Recitation,  1,M,11:00-11:50am,Main Camp,NPB 1.226,Sherette, Jonathan L.,08/26-12/13,17,30,28,2,To be determined by instructor ,   $10,KO,Concurrent enrollment in CS 2123.001 is required.
OPEN,CS,2121,002,12849,Data Structures Recitation,  1,W,11:00-11:50am,Main Camp,NPB 1.226,Sherette, Jonathan L.,08/26-12/13,17,30,18,12,To be determined by instructor ,   $10,KO,Concurrent enrollment in CS 2123.001 is required.
OPEN,CS,2121,003,14411,Data Structures Recitation,  1,M,1:00-1:50pm,Main Camp,NPB 1.226,Sherette, Jonathan L.,08/26-12/13,17,35,28,7,To be determined by instructor ,   $10,KO,Concurrent enrollment in CS 2123.002 is required.
OPEN,CS,2121,004,14412,Data Structures Recitation,  1,W,1:00-1:50pm,Main Camp,NPB 1.226,Sherette, Jonathan L.,08/26-12/13,17,35,30,5,To be determined by instructor ,   $10,KO,Concurrent enrollment in CS 2123.002 is required.
OPEN,CS,2121,005,23022,Data Structures Recitation,  1,T,1:00-1:50pm,Main Camp,NPB 1.226,Ku, Bernard S.,08/26-12/13,17,35,28,7,To be determined by instructor ,   $10,KO,Concurrent enrollment in CS 2123.003 is required.
OPEN,CS,2121,006,24643,Data Structures Recitation,  1,R,1:00-1:50pm,Main Camp,NPB 1.226,Ku, Bernard S.,08/26-12/13,17,35,28,7,To be determined by instructor ,   $10,KO,Concurrent enrollment in CS 2123.003 is required.
OPEN,CS,2121,007,23024,Data Structures Recitation,  1,T,11:30-12:20pm,Main Camp,NPB 1.226,Ku, Bernard S.,08/26-12/13,17,30,21,9,To be determined by instructor ,   $10,KO,Concurrent enrollment in CS 2123.004 is required.
OPEN,CS,2121,008,23025,Data Structures Recitation,  1,R,11:30-12:20pm,Main Camp,NPB 1.226,Ku, Bernard S.,08/26-12/13,17,30,15,15,To be determined by instructor ,   $10,KO,Concurrent enrollment in CS 2123.004 is required.
OPEN,CS,2123,001,12844,Data Structures,  3,MWF,9:00-9:50am,Main Camp,MH 3.04.08,Sherette, Jonathan L.,08/26-12/13,17,60,48,12,Tue  Dec 10  07:00 am - 09:30 am  ,   $30,KO,Concurrent enrollment in CS 2121.001 or CS 2121.002 is required.
OPEN,CS,2123,002,12846,Data Structures,  3,MWF,12:00-12:50pm,Main Camp,BB 3.03.02,Sherette, Jonathan L.,08/26-12/13,17,60,56,4,Fri  Dec 13  12:30 pm - 03:00 pm  ,   $30,KO,Concurrent enrollment in CS 2121.003 or CS 2121.004 is required.
OPEN,CS,2123,003,23027,Data Structures,  3,TR,11:30-12:45pm,Main Camp,MH 3.04.22,Ku, Bernard S.,08/26-12/13,17,60,56,4,Tue  Dec 10  09:45 am - 12:15 pm  ,   $30,KO,Concurrent enrollment in CS 2121.005 or CS 2121.006 is required.
OPEN,CS,2123,004,23851,Data Structures,  3,TR,10:00-11:15am,Main Camp,NPB 1.226,Ku, Bernard S.,08/26-12/13,17,50,36,14,Mon  Dec 09  09:45 am - 12:15 pm  ,   $30,KO,Concurrent enrollment in CS 2121.007 or CS 2121.008 is required.
OPEN,CS,2233,001,12855,Discrete Math Structures,  3,MWF,2:00-2:50pm,Main Camp,MH 3.02.18,Arafat, Imtiaz Muhammad M.,08/26-12/13,17,58,57,1,Mon  Dec 09  12:30 pm - 03:00 pm  ,   $30,DO, 
CLOSED,CS,2233,002,15681,Discrete Math Structures,  3,MWF,12:00-12:50pm,Main Camp,MH 2.02.10,Arafat, Imtiaz Muhammad M.,08/26-12/13,17,60,60,0,Fri  Dec 13  12:30 pm - 03:00 pm  ,   $30,DO, 
OPEN,CS,2233,003,21664,Discrete Math Structures,  3,MW,4:00-5:15pm,Main Camp,MH 2.02.04,Arafat, Imtiaz Muhammad M.,08/26-12/13,17,60,49,11,Wed  Dec 11  03:15 pm - 05:45 pm  ,   $30,DO, 
OPEN,CS,2233,004,25206,Discrete Math Structures,  3,TR,10:00-11:15am,Main Camp,MH 3.02.50,Chowdhury, Tanvir Irfan,08/26-12/13,17,48,19,29,Mon  Dec 09  09:45 am - 12:15 pm  ,   $30,DO, 
OPEN,CS,3113,001,24644,Principles of Cyber Security,  3,TBA,TBA,Internet, ,White, Gregory B.,08/26-12/13,17,85,75,10,To be determined by instructor ,  $105,O, 
OPEN,CS,3333,001,12859,Math Found of CS,  3,MWF,10:00-10:50am,Main Camp,BB 3.01.02,Boppana, Rajendra V.,08/26-12/13,17,75,74,1,Wed  Dec 11  07:00 am - 09:30 am  ,   $30,DO, 
OPEN,CS,3333,002,21666,Math Found of CS,  3,MWF,11:00-11:50am,Main Camp,BB 3.04.06,Boppana, Rajendra V.,08/26-12/13,17,70,69,1,Thu  Dec 12  09:45 am - 12:15 pm  ,   $30,DO, 
CANCELED,CS,3333,003,25207,Math Found of CS,  3,TBA,TBA,Main Camp, ,Staff,08/26-12/13,17,49,0,49,To be determined by instructor ,   $30,DO, 
OPEN,CS,3343,001,10287,Analysis Of Algorithms,  3,TR,11:30-12:45pm,Main Camp,MH 2.02.16,Sherette, Jonathan L.,08/26-12/13,17,65,64,1,Tue  Dec 10  09:45 am - 12:15 pm  ,   $30,O, 
OPEN,CS,3343,002,19445,Analysis Of Algorithms,  3,TR,8:30-9:45am,Main Camp,BB 3.03.22,Sherette, Jonathan L.,08/26-12/13,17,64,60,4,Fri  Dec 13  09:45 am - 12:15 pm  ,   $30,O, 
OPEN,CS,3343,003,25036,Analysis Of Algorithms,  3,TR,4:00-5:15pm,Main Camp,BB 3.04.04,Chowdhury, Tanvir Irfan,08/26-12/13,17,40,17,23,Mon  Dec 09  03:15 pm - 05:45 pm  ,   $30,O, 
OPEN,CS,3421,001,12865,Systems Programming Recitation,  1,M,12:00-12:50pm,Main Camp,NPB 1.226,Slavin, Rocky L.,08/26-12/13,17,40,38,2,To be determined by instructor ,   $10,DKO,Concurrent enrollment in CS 3423.001 is required.
OPEN,CS,3421,002,14186,Systems Programming Recitation,  1,W,12:00-12:50pm,Main Camp,NPB 1.226,Slavin, Rocky L.,08/26-12/13,17,40,35,5,To be determined by instructor ,   $10,DKO,Concurrent enrollment in CS 3423.001 is required.
OPEN,CS,3421,003,15732,Systems Programming Recitation,  1,M,3:00-3:50pm,Main Camp,NPB 1.226,Slavin, Rocky L.,08/26-12/13,17,40,36,4,To be determined by instructor ,   $10,DKO,Concurrent enrollment in CS 3423.002 is required.
OPEN,CS,3421,004,16287,Systems Programming Recitation,  1,W,3:00-3:50pm,Main Camp,NPB 1.226,Slavin, Rocky L.,08/26-12/13,17,40,29,11,To be determined by instructor ,   $10,DKO,Concurrent enrollment in CS 3423.002 is required.
OPEN,CS,3421,005,20022,Systems Programming Recitation,  1,M,6:00-6:50pm,Main Camp,NPB 1.226,Silvestro, Sam A.,08/26-12/13,17,40,30,10,To be determined by instructor ,   $10,DKO,Concurrent enrollment in CS 3423.003 is required.
OPEN,CS,3421,006,20023,Systems Programming Recitation,  1,W,6:00-6:50pm,Main Camp,NPB 1.226,Silvestro, Sam A.,08/26-12/13,17,40,37,3,To be determined by instructor ,   $10,DKO,Concurrent enrollment in CS 3423.003 is required.
OPEN,CS,3421,007,25115,Systems Programming Recitation,  1,M,4:00-4:50pm,Main Camp,NPB 1.226,Silvestro, Sam A.,08/26-12/13,17,40,33,7,To be determined by instructor ,   $10,DKO,Concurrent enrollment in CS 3423.004 is required.
OPEN,CS,3421,008,25116,Systems Programming Recitation,  1,W,4:00-4:50pm,Main Camp,NPB 1.226,Silvestro, Sam A.,08/26-12/13,17,40,16,24,To be determined by instructor ,   $10,DKO,Concurrent enrollment in CS 3423.004 is required.
CLOSED,CS,3423,001,12864,Systems Programming,  3,MWF,11:00-11:50am,Main Camp,NPB 1.202,Slavin, Rocky L.,08/26-12/13,17,70,70,0,Thu  Dec 12  09:45 am - 12:15 pm  ,   $30,DKO,Concurrent enrollment in CS 3421.001 or CS 3421.002 is required.
OPEN,CS,3423,002,15731,Systems Programming,  3,MWF,2:00-2:50pm,Main Camp,NPB 1.202,Slavin, Rocky L.,08/26-12/13,17,70,67,3,Mon  Dec 09  12:30 pm - 03:00 pm  ,   $30,DKO,Concurrent enrollment in CS 3421.003 or CS 3421.004 is required.
OPEN,CS,3423,003,20024,Systems Programming,  3,MW,4:00-5:15pm,Main Camp,NPB 1.202,Silvestro, Sam A.,08/26-12/13,17,70,68,2,Wed  Dec 11  03:15 pm - 05:45 pm  ,   $30,DKO,Concurrent enrollment in CS 3421.005 or CS 3421.006 is required
OPEN,CS,3423,004,25114,Systems Programming,  3,MWF,3:00-3:50pm,Main Camp,BB 3.01.06,Silvestro, Sam A.,08/26-12/13,17,65,50,15,Thu  Dec 12  03:15 pm - 05:45 pm  ,   $30,DKO,Concurrent enrollment in CS 3421.007 or CS 3421.008 is required.
OPEN,CS,3433,001,13010,Computer and Info Security,  3,MWF,3:00-3:50pm,Main Camp,MH 2.02.06,Harrison, Keith B.,08/26-12/13,17,40,34,6,Thu  Dec 12  03:15 pm - 05:45 pm  ,   $30,BO,Prerequisites: CS 3423 and consent of instructor.
OPEN,CS,3443,001,16154,Application Programming,  3,TR,1:00-2:15pm,Main Camp,NPB 1.202,Chowdhury, Tanvir Irfan,08/26-12/13,17,75,72,3,Wed  Dec 11  09:45 am - 12:15 pm  ,   $30,O, 
OPEN,CS,3443,002,16164,Application Programming,  3,TR,4:00-5:15pm,Main Camp,NPB 1.202,Arafat, Imtiaz Muhammad M.,08/26-12/13,17,75,73,2,Mon  Dec 09  03:15 pm - 05:45 pm  ,   $30,O, 
OPEN,CS,3443,003,25208,Application Programming,  3,TR,6:00-7:15pm,Main Camp,NPB 1.202,Chowdhury, Tanvir Irfan,08/26-12/13,17,60,18,42,Tue  Dec 10  06:00 pm - 08:30 pm  ,   $30,O, 
CLOSED,CS,3723,001,20026,Programming Languages,  3,TR,11:30-12:45pm,Main Camp,NPB 1.202,O'Hara, Steven A.,08/26-12/13,17,75,75,0,Tue  Dec 10  09:45 am - 12:15 pm  ,   $30,O, 
CANCELED,CS,3723,002,19437,Programming Languages,  3,TBA,TBA,Main Camp, ,Staff,08/26-12/13,17,60,0,60,To be determined by instructor ,   $30,O, 
OPEN,CS,3723,003,23792,Programming Languages,  3,TR,8:30-9:45am,Main Camp,NPB 1.202,O'Hara, Steven A.,08/26-12/13,17,75,72,3,To be determined by instructor ,   $30,O, 
OPEN,CS,3733,001,10121,Operating Systems,  3,TR,4:00-5:15pm,Main Camp,MH 2.02.04,Lama, Palden,08/26-12/13,17,60,59,1,Mon  Dec 09  03:15 pm - 05:45 pm  ,   $30,O, 
OPEN,CS,3733,002,20850,Operating Systems,  3,TR,8:30-9:45am,Main Camp,BB 3.04.06,Silvestro, Sam A.,08/26-12/13,17,60,45,15,Fri  Dec 13  09:45 am - 12:15 pm  ,   $30,O, 
CANCELED,CS,3733,003,25037,Operating Systems,  3,TBA,TBA,Main Camp, ,Staff,08/26-12/13,17,60,0,60,To be determined by instructor ,   $30,O, 
OPEN,CS,3743,001,22513,Database Systems,  3,TR,8:30-9:45am,Main Camp,FLN 2.02.10,Clark, Larry W.,08/26-12/13,17,60,59,1,Fri  Dec 13  09:45 am - 12:15 pm  ,   $30,O, 
CANCELED,CS,3743,002,24645,Database Systems,  3,TBA,TBA,Main Camp, ,Staff,08/26-12/13,17,60,0,60,To be determined by instructor ,   $30,O, 
OPEN,CS,3753,001,22270,Data Science,  3,TR,10:00-11:15am,Main Camp,NPB 1.238,Ruan, Jianhua,08/26-12/13,17,60,55,5,Mon  Dec 09  09:45 am - 12:15 pm  ,   $30,O, 
OPEN,CS,3753,002,23857,Data Science,  3,TR,2:30-3:45pm,Main Camp,MH 3.04.08,Ruan, Jianhua,08/26-12/13,17,39,32,7,Thu  Dec 12  12:30 pm - 03:00 pm  ,   $30,O,Cross-listed with CS 5163.001. Credit can only be earned for one of these classes.
OPEN,CS,3773,001,21669,Software Engineering,  3,MWF,10:00-10:50am,Main Camp,NPB 1.238,Wang, Xiaoyin,08/26-12/13,17,60,48,12,Wed  Dec 11  07:00 am - 09:30 am  ,   $30,DO, 
OPEN,CS,3773,002,20028,Software Engineering,  3,TR,11:30-12:45pm,Main Camp,NPB 1.238,Qin, Xue,08/26-12/13,17,60,47,13,Tue  Dec 10  09:45 am - 12:15 pm  ,   $30,DO, 
CANCELED,CS,3793,001,23028,Artificial Intelligence,  3,TBA,TBA,Main Camp, ,Staff,08/26-12/13,17,57,0,57,To be determined by instructor ,   $30,O, 
OPEN,CS,3793,002,24751,Artificial Intelligence,  3,TR,6:00-7:15pm,Main Camp,FLN 2.02.06,Desai, Kevin,08/26-12/13,17,60,56,4,Tue  Dec 10  06:00 pm - 08:30 pm  ,   $30,O, 
OPEN,CS,3841,001,12869,Comp Org Recitation,  1,T,1:00-1:50pm,Main Camp,MH 3.02.50,Clark, Larry W.,08/26-12/13,17,32,26,6,To be determined by instructor ,   $10,KO,Concurrent enrollment in CS 3843.001 is required.
OPEN,CS,3841,002,14450,Comp Org Recitation,  1,R,1:00-1:50pm,Main Camp,BB 3.03.14,Clark, Larry W.,08/26-12/13,17,32,5,27,To be determined by instructor ,   $10,KO,Concurrent enrollment in CS 3843.001 is required.
OPEN,CS,3841,003,18125,Comp Org Recitation,  1,T,2:30-3:20pm,Main Camp,NPB 1.226,Clark, Larry W.,08/26-12/13,17,50,44,6,To be determined by instructor ,   $10,KO,Concurrent enrollment in CS 3843.002 is required.
OPEN,CS,3841,004,19045,Comp Org Recitation,  1,R,2:30-3:20pm,Main Camp,NPB 1.226,Clark, Larry W.,08/26-12/13,17,50,49,1,To be determined by instructor ,   $10,KO,Concurrent enrollment in CS 3843.002 is required.
OPEN,CS,3841,005,25136,Comp Org Recitation,  1,T,10:00-10:50am,Main Camp,NPB 4.140,Clark, Larry W.,08/26-12/13,17,30,17,13,To be determined by instructor ,   $10,KO,Concurrent enrollment in CS 3843.002 is required.
OPEN,CS,3841,006,25137,Comp Org Recitation,  1,R,10:00-10:50am,Main Camp,NPB 4.140,Clark, Larry W.,08/26-12/13,17,30,11,19,To be determined by instructor ,   $10,KO,Concurrent enrollment in CS 3843.002 is required.
CANCELED,CS,3841,007,25239,Comp Org Recitation,  1,TBA,TBA,Main Camp, ,Staff,08/26-12/13,17,30,0,30,To be determined by instructor ,   $10,KO,Concurrent enrollment in CS 3843.002 is required.
CANCELED,CS,3841,008,25240,Comp Org Recitation,  1,TBA,TBA,Main Camp, ,Staff,08/26-12/13,17,30,0,30,To be determined by instructor ,   $10,KO,Concurrent enrollment in CS 3843.002 is required.
OPEN,CS,3843,001,12866,Computer Organization,  3,TR,11:30-12:45pm,Main Camp,MH 3.04.14,Clark, Larry W.,08/26-12/13,17,55,52,3,Tue  Dec 10  09:45 am - 12:15 pm  ,   $30,KO,Concurrent enrollment in CS 3841.001 or CS 3841.002 is required.
OPEN,CS,3843,002,18123,Computer Organization,  3,TR,1:00-2:15pm,Main Camp,BB 2.01.10,Clark, Larry W.,08/26-12/13,17,105,100,5,Wed  Dec 11  09:45 am - 12:15 pm  ,   $30,KO,Concurrent enrollment in CS 3841.003  CS 3841.004  CS 3841.005  or CS 3841.006 is required.
CANCELED,CS,3843,003,25135,Computer Organization,  3,TBA,TBA,Main Camp, ,Staff,08/26-12/13,17,55,0,55,To be determined by instructor ,   $30,KO,Concurrent enrollment in CS 3841.005 or CS 3841.006 is required.
OPEN,CS,3853,001,12870,Computer Architecture,  3,MW,7:30-8:45pm,Main Camp,MH 2.01.30,Ortiz, John A.,08/26-12/13,17,75,57,18,Wed  Dec 11  06:00 pm - 08:30 pm  ,   $30,O, 
CLOSED,CS,3853,002,20033,Computer Architecture,  3,TR,2:30-3:45pm,Main Camp,NPB 1.238,Ku, Bernard S.,08/26-12/13,17,60,60,0,Thu  Dec 12  12:30 pm - 03:00 pm  ,   $30,O, 
CANCELED,CS,3853,003,25038,Computer Architecture,  3,TBA,TBA,Main Camp, ,Staff,08/26-12/13,17,60,0,60,To be determined by instructor ,   $30,O, 
OPEN,CS,3873,001,20832,Computer Networks,  3,MW,7:30-8:45pm,Main Camp,NPB 1.238,Jadliwala, Murtuza,08/26-12/13,17,50,40,10,Wed  Dec 11  06:00 pm - 08:30 pm  ,   $30,O, 
OPEN,CS,4233,001,23168,Intro to Comp Biology,  3,S,11:00-1:45pm,Main Camp,NPB 1.238,Al Nasr, Kamal,08/26-12/13,17,46,19,27,Sat  Dec 07  09:45 am - 12:15 pm  ,   $30,O,Cross-listed with CS 5263.  Credit can only be earned for one of these classes.
OPEN,CS,4413,001,24997,Web Technologies,  3,MWF,3:00-3:50pm,Main Camp,NPB 1.238,O'Hara, Steven A.,08/26-12/13,17,60,58,2,Thu  Dec 12  03:15 pm - 05:45 pm  ,   $30,O, 
CLOSED,CS,4423,001,22329,Game Development,  3,TR,4:00-5:15pm,Main Camp,NPB 1.238,Quarles, John P.,08/26-12/13,17,60,60,0,Mon  Dec 09  03:15 pm - 05:45 pm  ,   $30,O, 
OPEN,CS,4593,002,23674,T: Blockchains,  3,MW,4:00-5:15pm,Main Camp,MH 3.04.12,Xu, Shouhuai,08/26-12/13,17,40,0,40,Wed  Dec 11  03:15 pm - 05:45 pm  ,   $30,BO,Cross-listed with CS 6393.001. Credit can only be earned for one on these classes.
OPEN,CS,4593,006,24646,T: Steganography,  3,MW,6:00-7:15pm,Main Camp,MH 3.02.18,Ortiz, John A.,08/26-12/13,17,50,20,30,Mon  Dec 09  06:00 pm - 08:30 pm  ,   $30,BO, 
OPEN,CS,4593,007,24647,T: Senior Design,  3,TR,7:30-8:45pm,Main Camp,NPB 1.238,Robinson, Mark A.,08/26-12/13,17,40,20,20,Thu  Dec 12  06:00 pm - 08:30 pm  ,   $30,BO, 
CANCELED,CS,4593,008,24649,Adv Prog & Data Stctr (non-CS),  3,TBA,TBA,Main Camp, ,Staff,08/26-12/13,17,40,0,40,To be determined by instructor ,   $30,BO,This course is a bridge course for non-CS Major and does not count towards a CS degree.
OPEN,CS,4663,001,22272,Distributed and Cloud Security,  3,MWF,2:00-2:50pm,Main Camp,NPB 1.238,Gomez-Morales, Mauricio Alejandro,08/26-12/13,17,40,29,11,Mon  Dec 09  12:30 pm - 03:00 pm  ,   $30,O, 
OPEN,CS,4723,001,20675,Software Val and Qual Assur,  3,MW,6:00-7:15pm,Main Camp,MH 3.03.20,Wang, Xiaoyin,08/26-12/13,17,30,26,4,Mon  Dec 09  06:00 pm - 08:30 pm  ,   $30,O,Cross-listed with CS 5123.001. Credit can only be earned for one on these classes.
OPEN,CS,4743,001,23031,Enterprise Software Engineerng,  3,TR,1:00-2:15pm,Main Camp,NPB 1.238,Robinson, Mark A.,08/26-12/13,17,60,49,11,Wed  Dec 11  09:45 am - 12:15 pm  ,   $30,O, 
OPEN,CS,4773,001,21676,Object Oriented Systems,  3,TR,10:00-11:15am,Main Camp,FLN 2.02.06,Robinson, Mark A.,08/26-12/13,17,72,68,4,Mon  Dec 09  09:45 am - 12:15 pm  ,   $30,O, 
OPEN,CS,4833,001,23032,Embedded Systems,  3,S,2:00-4:45pm,Main Camp,NPB 4.140,Zhu, Dakai,08/26-12/13,17,20,15,5,Sat  Dec 07  12:30 pm - 03:00 pm  ,   $30,O, 
CANCELED,CS,4843,001,23033,Cloud Computing,  3,TBA,TBA,Main Camp, ,Staff,08/26-12/13,17,40,0,40,To be determined by instructor ,   $30,O, 
OPEN,CS,4911,001,23362,Independent Study,  1,TBA,TBA,Main Camp, ,Sherette, Jonathan L.,08/26-12/13,17,130,3,127,To be determined by instructor ,   $10,GO,Substitutes for CS 3341 (Analysis of Algorithms Recitation).
OPEN,CS,4911,002,23363,Independent Study,  1,TBA,TBA,Main Camp, ,Zhu, Dakai,08/26-12/13,17,130,13,117,To be determined by instructor ,   $10,GO,Substitutes for CS 3731 (Operating Systems Recitation)
OPEN,CS,4911,003,23364,Independent Study,  1,TBA,TBA,Main Camp, ,Wang, Wei,08/26-12/13,17,130,15,115,To be determined by instructor ,   $10,GO,Substitutes for CS 3851 (Computer Architecture Recitation)
OPEN,CS,4911,004,25265,Independent Study,  1,TBA,TBA,Main Camp, ,Silvestro, Sam A.,08/26-12/13,17,5,1,4,To be determined by instructor ,   $10,GO, 
OPEN,CS,4913,001,10722,Independent Study,  3,TBA,TBA,Main Camp, ,Boppana, Rajendra V.,08/26-12/13,17,10,0,10,To be determined by instructor ,   $30,GO, 
OPEN,CS,4913,002,10750,Independent Study,  3,TBA,TBA,Main Camp, ,Gibson, Matthew R.,08/26-12/13,17,10,0,10,To be determined by instructor ,   $30,GO, 
OPEN,CS,4913,003,10896,Independent Study,  3,TBA,TBA,Main Camp, ,Al Nasr, Kamal,08/26-12/13,17,10,0,10,To be determined by instructor ,   $30,GO, 
OPEN,CS,4913,004,10968,Independent Study,  3,TBA,TBA,Main Camp, ,Jadliwala, Murtuza,08/26-12/13,17,10,0,10,To be determined by instructor ,   $30,GO, 
OPEN,CS,4913,005,10969,Independent Study,  3,TBA,TBA,Main Camp, ,Korkmaz, Turgay  .,08/26-12/13,17,10,0,10,To be determined by instructor ,   $30,GO, 
OPEN,CS,4913,006,10970,Independent Study,  3,TBA,TBA,Main Camp, ,Lama, Palden,08/26-12/13,17,10,1,9,To be determined by instructor ,   $30,GO, 
OPEN,CS,4913,007,10971,Independent Study,  3,TBA,TBA,Main Camp, ,Robinson, Mark A.,08/26-12/13,17,10,6,4,To be determined by instructor ,   $30,GO, 
OPEN,CS,4913,008,11013,Independent Study,  3,TBA,TBA,Main Camp, ,Staff,08/26-12/13,17,10,0,10,To be determined by instructor ,   $30,GO, 
OPEN,CS,4913,009,11014,Independent Study,  3,TBA,TBA,Main Camp, ,Staff,08/26-12/13,17,10,0,10,To be determined by instructor ,   $30,GO, 
OPEN,CS,4913,010,11016,Independent Study,  3,TBA,TBA,Main Camp, ,Niu, Jianwei,08/26-12/13,17,10,0,10,To be determined by instructor ,   $30,GO, 
OPEN,CS,4913,011,11017,Independent Study,  3,TBA,TBA,Main Camp, ,Quarles, John P.,08/26-12/13,17,10,2,8,To be determined by instructor ,   $30,GO, 
OPEN,CS,4913,012,11293,Independent Study,  3,TBA,TBA,Main Camp, ,Ruan, Jianhua,08/26-12/13,17,10,0,10,To be determined by instructor ,   $30,GO, 
OPEN,CS,4913,013,11294,Independent Study,  3,TBA,TBA,Main Camp, ,Sandhu, Ravi,08/26-12/13,17,10,0,10,To be determined by instructor ,   $30,GO, 
OPEN,CS,4913,014,11295,Independent Study,  3,TBA,TBA,Main Camp, ,Staff,08/26-12/13,17,10,0,10,To be determined by instructor ,   $30,GO, 
OPEN,CS,4913,015,11296,Independent Study,  3,TBA,TBA,Main Camp, ,Tosun, Ali S.,08/26-12/13,17,10,0,10,To be determined by instructor ,   $30,GO, 
OPEN,CS,4913,016,11297,Independent Study,  3,TBA,TBA,Main Camp, ,Wang, Wei,08/26-12/13,17,10,0,10,To be determined by instructor ,   $30,GO, 
OPEN,CS,4913,017,10219,Independent Study,  3,TBA,TBA,Main Camp, ,Lama, Palden,08/26-12/13,17,10,1,9,To be determined by instructor ,   $30,GO, 
OPEN,CS,4913,018,11855,Independent Study,  3,TBA,TBA,Main Camp, ,White, Gregory B.,08/26-12/13,17,10,1,9,To be determined by instructor ,   $30,GO, 
OPEN,CS,4913,019,11856,Independent Study,  3,TBA,TBA,Main Camp, ,White, Gregory B.,08/26-12/13,17,10,0,10,To be determined by instructor ,   $30,GO, 
OPEN,CS,4913,020,12011,Independent Study,  3,TBA,TBA,Main Camp, ,Silvestro, Sam A.,08/26-12/13,17,10,1,9,To be determined by instructor ,   $30,GO, 
OPEN,CS,4913,021,12357,Independent Study,  3,TBA,TBA,Main Camp, ,Zhang, Weining,08/26-12/13,17,10,0,10,To be determined by instructor ,   $30,GO, 
OPEN,CS,4913,022,12012,Independent Study,  3,TBA,TBA,Main Camp, ,Zhu, Dakai,08/26-12/13,17,10,0,10,To be determined by instructor ,   $30,GO, 
OPEN,CS,4913,023,12013,Independent Study,  3,TBA,TBA,Main Camp, ,Staff,08/26-12/13,17,10,0,10,To be determined by instructor ,   $30,GO, 
OPEN,CS,4913,024,12014,Independent Study,  3,TBA,TBA,Main Camp, ,Fernandez, Amanda S.,08/26-12/13,17,10,0,10,To be determined by instructor ,   $30,GO, 
OPEN,CS,4913,025,12968,Independent Study,  3,TBA,TBA,Main Camp, ,Staff,08/26-12/13,17,10,0,10,To be determined by instructor ,   $30,GO, 
OPEN,CS,4913,026,13688,Independent Study,  3,TBA,TBA,Main Camp, ,Slavin, Rocky L.,08/26-12/13,17,5,1,4,To be determined by instructor ,   $30,GO, 
OPEN,CS,4933,001,10973,Internship in Computer Science,  3,TBA,TBA,Main Camp, ,Boppana, Rajendra V.,08/26-12/13,17,10,0,10,To be determined by instructor ,   $30,BO, 
OPEN,CS,4933,002,10606,Internship in Computer Science,  3,TBA,TBA,Main Camp, ,Gibson, Matthew R.,08/26-12/13,17,10,0,10,To be determined by instructor ,   $30,BO, 
OPEN,CS,4933,003,11344,Internship in Computer Science,  3,TBA,TBA,Main Camp, ,Al Nasr, Kamal,08/26-12/13,17,10,0,10,To be determined by instructor ,   $30,BO, 
OPEN,CS,4933,004,11345,Internship in Computer Science,  3,TBA,TBA,Main Camp, ,Jadliwala, Murtuza,08/26-12/13,17,10,0,10,To be determined by instructor ,   $30,BO, 
OPEN,CS,4933,005,11346,Internship in Computer Science,  3,TBA,TBA,Main Camp, ,Korkmaz, Turgay  .,08/26-12/13,17,10,1,9,To be determined by instructor ,   $30,BO, 
OPEN,CS,4933,006,11347,Internship in Computer Science,  3,TBA,TBA,Main Camp, ,Lama, Palden,08/26-12/13,17,10,0,10,To be determined by instructor ,   $30,BO, 
OPEN,CS,4933,007,11348,Internship in Computer Science,  3,TBA,TBA,Main Camp, ,Staff,08/26-12/13,17,10,0,10,To be determined by instructor ,   $30,BO, 
OPEN,CS,4933,008,11349,Internship in Computer Science,  3,TBA,TBA,Main Camp, ,Staff,08/26-12/13,17,10,0,10,To be determined by instructor ,   $30,BO, 
OPEN,CS,4933,009,11350,Internship in Computer Science,  3,TBA,TBA,Main Camp, ,Harrison, Keith B.,08/26-12/13,17,10,1,9,To be determined by instructor ,   $30,BO, 
OPEN,CS,4933,010,11351,Internship in Computer Science,  3,TBA,TBA,Main Camp, ,Niu, Jianwei,08/26-12/13,17,10,0,10,To be determined by instructor ,   $30,BO, 
OPEN,CS,4933,011,11352,Internship in Computer Science,  3,TBA,TBA,Main Camp, ,Quarles, John P.,08/26-12/13,17,10,0,10,To be determined by instructor ,   $30,BO, 
OPEN,CS,4933,012,11353,Internship in Computer Science,  3,TBA,TBA,Main Camp, ,Ruan, Jianhua,08/26-12/13,17,10,0,10,To be determined by instructor ,   $30,BO, 
OPEN,CS,4933,013,11354,Internship in Computer Science,  3,TBA,TBA,Main Camp, ,Sandhu, Ravi,08/26-12/13,17,10,0,10,To be determined by instructor ,   $30,BO, 
OPEN,CS,4933,014,11355,Internship in Computer Science,  3,TBA,TBA,Main Camp, ,Harrison, Keith B.,08/26-12/13,17,5,2,3,To be determined by instructor ,   $30,BO, 
OPEN,CS,4933,015,11356,Internship in Computer Science,  3,TBA,TBA,Main Camp, ,Tosun, Ali S.,08/26-12/13,17,10,0,10,To be determined by instructor ,   $30,BO, 
OPEN,CS,4933,016,11357,Internship in Computer Science,  3,TBA,TBA,Main Camp, ,Wang, Wei,08/26-12/13,17,10,0,10,To be determined by instructor ,   $30,BO, 
OPEN,CS,4933,017,10972,Internship in Computer Science,  3,TBA,TBA,Main Camp, ,Wang, Xiaoyin,08/26-12/13,17,10,1,9,To be determined by instructor ,   $30,BO, 
OPEN,CS,4933,018,11875,Internship in Computer Science,  3,TBA,TBA,Main Camp, ,White, Gregory B.,08/26-12/13,17,10,0,10,To be determined by instructor ,   $30,BO, 
OPEN,CS,4933,019,11876,Internship in Computer Science,  3,TBA,TBA,Main Camp, ,Xu, Shouhuai,08/26-12/13,17,10,0,10,To be determined by instructor ,   $30,BO, 
OPEN,CS,4933,020,12193,Internship in Computer Science,  3,TBA,TBA,Main Camp, ,Staff,08/26-12/13,17,10,0,10,To be determined by instructor ,   $30,BO, 
OPEN,CS,4933,021,12194,Internship in Computer Science,  3,TBA,TBA,Main Camp, ,Zhang, Weining,08/26-12/13,17,10,0,10,To be determined by instructor ,   $30,BO, 
OPEN,CS,4933,022,12284,Internship in Computer Science,  3,TBA,TBA,Main Camp, ,Zhu, Dakai,08/26-12/13,17,10,0,10,To be determined by instructor ,   $30,BO, 
OPEN,CS,4933,023,12285,Internship in Computer Science,  3,TBA,TBA,Main Camp, ,Staff,08/26-12/13,17,10,0,10,To be determined by instructor ,   $30,BO, 
OPEN,CS,4933,024,12287,Internship in Computer Science,  3,TBA,TBA,Main Camp, ,Fernandez, Amanda S.,08/26-12/13,17,10,0,10,To be determined by instructor ,   $30,BO, 
OPEN,CS,4933,025,12969,Internship in Computer Science,  3,TBA,TBA,Main Camp, ,Robinson, Mark A.,08/26-12/13,17,10,6,4,To be determined by instructor ,   $30,BO, 
OPEN,CS,4933,026,13689,Internship in Computer Science,  3,TBA,TBA,Main Camp, ,Slavin, Rocky L.,08/26-12/13,17,5,0,5,To be determined by instructor ,   $30,BO, 
OPEN,CS,4973,002,24650,AT-DS: Deep Learning,  3,TR,7:30-8:45pm,Main Camp,FLN 2.02.06,Fernandez, Amanda S.,08/26-12/13,17,39,13,26,Thu  Dec 12  06:00 pm - 08:30 pm  ,   $30,O,Cross-listed with CS 6463.001. Credit can only be earned for one on these classes.
OPEN,CS,4973,003,24817,AT-DS:Data Science in Practice,  3,TR,6:00-7:15pm,Main Camp,NPB 1.226,Holladay, Kenneth L.,08/26-12/13,17,30,9,21,Tue  Dec 10  06:00 pm - 08:30 pm  ,   $30,O,Course is cross-listed with CS 6463. Credit cannot be earned for both CS 4973 and CS 6463.
OPEN,CS,4993,001,10795,Honors Research,  3,TBA,TBA,Main Camp, ,Boppana, Rajendra V.,08/26-12/13,17,10,0,10,To be determined by instructor ,   $30,AO, 
OPEN,CS,4993,002,10974,Honors Research,  3,TBA,TBA,Main Camp, ,Gibson, Matthew R.,08/26-12/13,17,10,0,10,To be determined by instructor ,   $30,AO, 
OPEN,CS,4993,003,11432,Honors Research,  3,TBA,TBA,Main Camp, ,Al Nasr, Kamal,08/26-12/13,17,10,0,10,To be determined by instructor ,   $30,AO, 
OPEN,CS,4993,004,11433,Honors Research,  3,TBA,TBA,Main Camp, ,Jadliwala, Murtuza,08/26-12/13,17,10,0,10,To be determined by instructor ,   $30,AO, 
OPEN,CS,4993,005,11434,Honors Research,  3,TBA,TBA,Main Camp, ,Korkmaz, Turgay  .,08/26-12/13,17,10,0,10,To be determined by instructor ,   $30,AO, 
OPEN,CS,4993,006,11435,Honors Research,  3,TBA,TBA,Main Camp, ,Lama, Palden,08/26-12/13,17,10,0,10,To be determined by instructor ,   $30,AO, 
OPEN,CS,4993,007,11436,Honors Research,  3,TBA,TBA,Main Camp, ,Staff,08/26-12/13,17,10,0,10,To be determined by instructor ,   $30,AO, 
OPEN,CS,4993,008,11437,Honors Research,  3,TBA,TBA,Main Camp, ,Staff,08/26-12/13,17,10,0,10,To be determined by instructor ,   $30,AO, 
OPEN,CS,4993,009,11438,Honors Research,  3,TBA,TBA,Main Camp, ,Staff,08/26-12/13,17,10,0,10,To be determined by instructor ,   $30,AO, 
OPEN,CS,4993,010,11439,Honors Research,  3,TBA,TBA,Main Camp, ,Niu, Jianwei,08/26-12/13,17,10,0,10,To be determined by instructor ,   $30,AO, 
OPEN,CS,4993,011,11440,Honors Research,  3,TBA,TBA,Main Camp, ,Quarles, John P.,08/26-12/13,17,10,0,10,To be determined by instructor ,   $30,AO, 
OPEN,CS,4993,012,11441,Honors Research,  3,TBA,TBA,Main Camp, ,Ruan, Jianhua,08/26-12/13,17,10,0,10,To be determined by instructor ,   $30,AO, 
OPEN,CS,4993,013,11442,Honors Research,  3,TBA,TBA,Main Camp, ,Sandhu, Ravi,08/26-12/13,17,10,0,10,To be determined by instructor ,   $30,AO, 
OPEN,CS,4993,014,11443,Honors Research,  3,TBA,TBA,Main Camp, ,Staff,08/26-12/13,17,10,0,10,To be determined by instructor ,   $30,AO, 
OPEN,CS,4993,015,11444,Honors Research,  3,TBA,TBA,Main Camp, ,Tosun, Ali S.,08/26-12/13,17,10,0,10,To be determined by instructor ,   $30,AO, 
OPEN,CS,4993,016,11445,Honors Research,  3,TBA,TBA,Main Camp, ,Wang, Wei,08/26-12/13,17,10,0,10,To be determined by instructor ,   $30,AO, 
OPEN,CS,4993,017,10419,Honors Research,  3,TBA,TBA,Main Camp, ,Wang, Xiaoyin,08/26-12/13,17,10,0,10,To be determined by instructor ,   $30,AO, 
OPEN,CS,4993,018,11857,Honors Research,  3,TBA,TBA,Main Camp, ,White, Gregory B.,08/26-12/13,17,10,0,10,To be determined by instructor ,   $30,AO, 
OPEN,CS,4993,019,11858,Honors Research,  3,TBA,TBA,Main Camp, ,Xu, Shouhuai,08/26-12/13,17,10,0,10,To be determined by instructor ,   $30,AO, 
OPEN,CS,4993,020,12288,Honors Research,  3,TBA,TBA,Main Camp, ,Staff,08/26-12/13,17,10,0,10,To be determined by instructor ,   $30,AO, 
OPEN,CS,4993,021,12289,Honors Research,  3,TBA,TBA,Main Camp, ,Zhang, Weining,08/26-12/13,17,10,0,10,To be determined by instructor ,   $30,AO, 
OPEN,CS,4993,022,12290,Honors Research,  3,TBA,TBA,Main Camp, ,Zhu, Dakai,08/26-12/13,17,10,0,10,To be determined by instructor ,   $30,AO, 
OPEN,CS,4993,023,12293,Honors Research,  3,TBA,TBA,Main Camp, ,Staff,08/26-12/13,17,10,0,10,To be determined by instructor ,   $30,AO, 
OPEN,CS,4993,024,12294,Honors Research,  3,TBA,TBA,Main Camp, ,Fernandez, Amanda S.,08/26-12/13,17,10,0,10,To be determined by instructor ,   $30,AO, 
OPEN,CS,4993,025,12970,Honors Research,  3,TBA,TBA,Main Camp, ,Staff,08/26-12/13,17,10,0,10,To be determined by instructor ,   $30,AO, 
OPEN,CS,4993,026,13690,Honors Research,  3,TBA,TBA,Main Camp, ,Slavin, Rocky L.,08/26-12/13,17,5,0,5,To be determined by instructor ,   $30,AO, 
OPEN,CS,5123,001,20674,Software Testing and Quality,  3,MW,6:00-7:15pm,Main Camp,MH 3.03.20,Wang, Xiaoyin,08/26-12/13,17,15,12,3,Mon  Dec 09  06:00 pm - 08:30 pm  ,  $120,O,Cross-listed with CS 4723.001. Credit can only be earned for one on these classes.
OPEN,CS,5163,001,21812,Data Science,  3,TR,2:30-3:45pm,Main Camp,MH 3.04.08,Ruan, Jianhua,08/26-12/13,17,21,19,2,Thu  Dec 12  12:30 pm - 03:00 pm  ,  $120,O,Cross-listed with CS 3753.002. Credit can only be earned for one of these classes.
OPEN,CS,5263,001,23034,Bioinformatics,  3,S,11:00-1:45pm,Main Camp,NPB 1.238,Al Nasr, Kamal,08/26-12/13,17,12,11,1,Sat  Dec 07  09:45 am - 12:15 pm  ,  $120,O,Cross-listed with CS 4233.  Credit can only be earned for one of these classes.
CANCELED,CS,5343,001,23035,Secure Systems & Software,  3,TBA,TBA,Internet, ,Staff,08/26-12/13,17,0,0,0,To be determined by instructor ,  $120,O, 
OPEN,CS,5343,002,25117,Secure Systems & Software,  3,TBA,TBA,Internet, ,Rutherford, James R.,08/26-12/13,17,25,16,9,To be determined by instructor ,  $195,O, 
OPEN,CS,5463,002,24750,Topics: Embedded Systems,  3,S,2:00-4:45pm,Main Camp,NPB 4.140,Zhu, Dakai,08/26-12/13,17,10,1,9,Sat  Dec 07  12:30 pm - 03:00 pm  ,  $120,,Cross-listed with CS 4833.001. Credit can only be earned for one of these classes.
OPEN,CS,5513,001,24651,Computer Architecture,  3,S,2:00-4:45pm,Main Camp,NPB 1.202,Wang, Wei,08/26-12/13,17,50,34,16,Sat  Dec 07  12:30 pm - 03:00 pm  ,  $120,O, 
OPEN,CS,5523,001,17304,Operating Systems,  3,TR,6:00-7:15pm,Main Camp,MB 0.212,Xie, Mimi,08/26-12/13,17,50,36,14,Tue  Dec 10  06:00 pm - 08:30 pm  ,  $120,O, 
OPEN,CS,5573,001,22570,Cloud Computing,  3,TR,2:30-3:45pm,Main Camp,EB 2.04.22,Lama, Palden,08/26-12/13,17,19,18,1,Thu  Dec 12  12:30 pm - 03:00 pm  ,  $120,,Cross-listed with EE 5423.001.  Credit can only be earned for one of these classes.
OPEN,CS,5633,001,17305,Analysis of Algorithms,  3,TR,7:30-8:45pm,Main Camp,NPB 1.226,Gibson, Matthew R.,08/26-12/13,17,50,35,15,Thu  Dec 12  06:00 pm - 08:30 pm  ,  $120,O, 
OPEN,CS,5933,001,20632,Internship in Computer Science,  3,TBA,TBA,Main Camp, ,Staff,08/26-12/13,17,5,0,5,To be determined by instructor ,  $120,A, 
OPEN,CS,5933,002,20633,Internship in Computer Science,  3,TBA,TBA,Main Camp, ,Staff,08/26-12/13,17,5,0,5,To be determined by instructor ,  $120,A, 
OPEN,CS,5933,003,20634,Internship in Computer Science,  3,TBA,TBA,Main Camp, ,Staff,08/26-12/13,17,5,0,5,To be determined by instructor ,  $120,A, 
CLOSED,CS,5933,004,20635,Internship in Computer Science,  3,TBA,TBA,Main Camp, ,Staff,08/26-12/13,17,5,0,5,To be determined by instructor ,  $120,AC, 
OPEN,CS,5933,005,20636,Internship in Computer Science,  3,TBA,TBA,Main Camp, ,Korkmaz, Turgay  .,08/26-12/13,17,5,1,4,To be determined by instructor ,  $120,A, 
OPEN,CS,5933,006,23892,Internship in Computer Science,  3,TBA,TBA,Main Camp, ,Staff,08/26-12/13,17,5,0,5,To be determined by instructor ,  $120,A, 
OPEN,CS,5971,010,15786,Directed Research,  1,TBA,TBA,Main Camp, ,Niu, Jianwei,08/26-12/13,17,10,0,10,To be determined by instructor ,   $40,AO, 
OPEN,CS,5971,020,15710,Directed Research,  1,TBA,TBA,Main Camp, ,Staff,08/26-12/13,17,10,0,10,To be determined by instructor ,   $40,AO, 
OPEN,CS,5973,001,10900,Directed Research,  3,TBA,TBA,Main Camp, ,Boppana, Rajendra V.,08/26-12/13,17,10,0,10,To be determined by instructor ,  $120,AO, 
OPEN,CS,5973,002,10975,Directed Research,  3,TBA,TBA,Main Camp, ,Gibson, Matthew R.,08/26-12/13,17,10,0,10,To be determined by instructor ,  $120,AO, 
OPEN,CS,5973,003,10976,Directed Research,  3,TBA,TBA,Main Camp, ,Al Nasr, Kamal,08/26-12/13,17,10,0,10,To be determined by instructor ,  $120,AO, 
OPEN,CS,5973,004,11491,Directed Research,  3,TBA,TBA,Main Camp, ,Jadliwala, Murtuza,08/26-12/13,17,10,0,10,To be determined by instructor ,  $120,AO, 
OPEN,CS,5973,005,11492,Directed Research,  3,TBA,TBA,Main Camp, ,Korkmaz, Turgay  .,08/26-12/13,17,10,0,10,To be determined by instructor ,  $120,AO, 
OPEN,CS,5973,006,11493,Directed Research,  3,TBA,TBA,Main Camp, ,Lama, Palden,08/26-12/13,17,10,0,10,To be determined by instructor ,  $120,AO, 
OPEN,CS,5973,007,11494,Directed Research,  3,TBA,TBA,Main Camp, ,Staff,08/26-12/13,17,10,0,10,To be determined by instructor ,  $120,AO, 
OPEN,CS,5973,008,11495,Directed Research,  3,TBA,TBA,Main Camp, ,Staff,08/26-12/13,17,10,0,10,To be determined by instructor ,  $120,AO, 
OPEN,CS,5973,009,11496,Directed Research,  3,TBA,TBA,Main Camp, ,Staff,08/26-12/13,17,10,0,10,To be determined by instructor ,  $120,AO, 
OPEN,CS,5973,010,11497,Directed Research,  3,TBA,TBA,Main Camp, ,Niu, Jianwei,08/26-12/13,17,10,0,10,To be determined by instructor ,  $120,AO, 
OPEN,CS,5973,011,11498,Directed Research,  3,TBA,TBA,Main Camp, ,Quarles, John P.,08/26-12/13,17,10,0,10,To be determined by instructor ,  $120,AO, 
OPEN,CS,5973,012,11499,Directed Research,  3,TBA,TBA,Main Camp, ,Ruan, Jianhua,08/26-12/13,17,10,0,10,To be determined by instructor ,  $120,AO, 
OPEN,CS,5973,013,11500,Directed Research,  3,TBA,TBA,Main Camp, ,Sandhu, Ravi,08/26-12/13,17,10,0,10,To be determined by instructor ,  $120,AO, 
OPEN,CS,5973,014,11501,Directed Research,  3,TBA,TBA,Main Camp, ,Staff,08/26-12/13,17,10,0,10,To be determined by instructor ,  $120,AO, 
OPEN,CS,5973,015,11502,Directed Research,  3,TBA,TBA,Main Camp, ,Tosun, Ali S.,08/26-12/13,17,10,0,10,To be determined by instructor ,  $120,AO, 
OPEN,CS,5973,016,11503,Directed Research,  3,TBA,TBA,Main Camp, ,Wang, Wei,08/26-12/13,17,10,0,10,To be determined by instructor ,  $120,AO, 
OPEN,CS,5973,017,10350,Directed Research,  3,TBA,TBA,Main Camp, ,Wang, Xiaoyin,08/26-12/13,17,10,1,9,To be determined by instructor ,  $120,AO, 
OPEN,CS,5973,018,11777,Directed Research,  3,TBA,TBA,Main Camp, ,White, Gregory B.,08/26-12/13,17,10,0,10,To be determined by instructor ,  $120,AO, 
OPEN,CS,5973,019,11877,Directed Research,  3,TBA,TBA,Main Camp, ,Xu, Shouhuai,08/26-12/13,17,10,0,10,To be determined by instructor ,  $120,AO, 
OPEN,CS,5973,020,12297,Directed Research,  3,TBA,TBA,Main Camp, ,Staff,08/26-12/13,17,10,0,10,To be determined by instructor ,  $120,AO, 
OPEN,CS,5973,021,12298,Directed Research,  3,TBA,TBA,Main Camp, ,Zhang, Weining,08/26-12/13,17,10,0,10,To be determined by instructor ,  $120,AO, 
OPEN,CS,5973,022,12299,Directed Research,  3,TBA,TBA,Main Camp, ,Zhu, Dakai,08/26-12/13,17,10,0,10,To be determined by instructor ,  $120,AO, 
OPEN,CS,5973,023,12358,Directed Research,  3,TBA,TBA,Main Camp, ,Staff,08/26-12/13,17,10,0,10,To be determined by instructor ,  $120,AO, 
OPEN,CS,5973,024,12300,Directed Research,  3,TBA,TBA,Main Camp, ,Fernandez, Amanda S.,08/26-12/13,17,10,1,9,To be determined by instructor ,  $120,AO, 
OPEN,CS,5973,025,12971,Directed Research,  3,TBA,TBA,Main Camp, ,Staff,08/26-12/13,17,10,0,10,To be determined by instructor ,  $120,AO, 
CANCELED,CS,6243,001,24660,Machine Learning,  3,TBA,TBA,Main Camp, ,Staff,08/26-12/13,17,40,0,40,To be determined by instructor ,  $120,O, 
OPEN,CS,6393,001,24652,Sec Topics: Blockchains,  3,MW,4:00-5:15pm,Main Camp,MH 3.04.12,Xu, Shouhuai,08/26-12/13,17,20,7,13,Wed  Dec 11  03:15 pm - 05:45 pm  ,  $120,O,Cross-listed with CS 4593.002. Credit can only be earned for one on these classes.
OPEN,CS,6463,001,23809,AT: Deep Learning,  3,TR,7:30-8:45pm,Main Camp,FLN 2.02.06,Fernandez, Amanda S.,08/26-12/13,17,21,13,8,Thu  Dec 12  06:00 pm - 08:30 pm  ,  $120,O,Cross-listed with CS 4973.002. Credit can only be earned for one of these classes.
OPEN,CS,6463,006,24818,AT: Data Science in Practice,  3,TR,6:00-7:15pm,Main Camp,NPB 1.226,Holladay, Kenneth L.,08/26-12/13,17,20,11,9,Tue  Dec 10  06:00 pm - 08:30 pm  ,  $120,O,Course is cross-listed with CS 4973. Credit cannot be earned for both CS 6463 and CS 4973.
CANCELED,CS,6543,001,24653,Networks,  3,TBA,TBA,Main Camp, ,Staff,08/26-12/13,17,30,0,30,To be determined by instructor ,  $120,O, 
OPEN,CS,6953,001,10785,Independent Study,  3,TBA,TBA,Main Camp, ,Boppana, Rajendra V.,08/26-12/13,17,10,0,10,To be determined by instructor ,  $120,GO, 
OPEN,CS,6953,002,10793,Independent Study,  3,TBA,TBA,Main Camp, ,Gibson, Matthew R.,08/26-12/13,17,10,1,9,To be determined by instructor ,  $120,GO, 
OPEN,CS,6953,003,10830,Independent Study,  3,TBA,TBA,Main Camp, ,Al Nasr, Kamal,08/26-12/13,17,10,0,10,To be determined by instructor ,  $120,GO, 
OPEN,CS,6953,004,10832,Independent Study,  3,TBA,TBA,Main Camp, ,Jadliwala, Murtuza,08/26-12/13,17,10,0,10,To be determined by instructor ,  $120,GO, 
OPEN,CS,6953,005,10977,Independent Study,  3,TBA,TBA,Main Camp, ,Korkmaz, Turgay  .,08/26-12/13,17,10,0,10,To be determined by instructor ,  $120,GO, 
OPEN,CS,6953,006,10978,Independent Study,  3,TBA,TBA,Main Camp, ,Lama, Palden,08/26-12/13,17,10,1,9,To be determined by instructor ,  $120,GO, 
OPEN,CS,6953,007,10979,Independent Study,  3,TBA,TBA,Main Camp, ,Staff,08/26-12/13,17,10,0,10,To be determined by instructor ,  $120,GO, 
OPEN,CS,6953,008,10998,Independent Study,  3,TBA,TBA,Main Camp, ,Xie, Mimi,08/26-12/13,17,10,1,9,To be determined by instructor ,  $120,GO, 
OPEN,CS,6953,009,11008,Independent Study,  3,TBA,TBA,Main Camp, ,Desai, Kevin,08/26-12/13,17,10,2,8,To be determined by instructor ,  $120,GO, 
OPEN,CS,6953,010,11009,Independent Study,  3,TBA,TBA,Main Camp, ,Niu, Jianwei,08/26-12/13,17,10,0,10,To be determined by instructor ,  $120,GO, 
OPEN,CS,6953,011,11010,Independent Study,  3,TBA,TBA,Main Camp, ,Quarles, John P.,08/26-12/13,17,10,1,9,To be determined by instructor ,  $120,GO, 
OPEN,CS,6953,012,11333,Independent Study,  3,TBA,TBA,Main Camp, ,Ruan, Jianhua,08/26-12/13,17,10,0,10,To be determined by instructor ,  $120,GO, 
OPEN,CS,6953,013,11334,Independent Study,  3,TBA,TBA,Main Camp, ,Sandhu, Ravi,08/26-12/13,17,10,0,10,To be determined by instructor ,  $120,GO, 
OPEN,CS,6953,014,11335,Independent Study,  3,TBA,TBA,Main Camp, ,Gomez-Morales, Mauricio Alejandro,08/26-12/13,17,10,1,9,To be determined by instructor ,  $120,GO, 
OPEN,CS,6953,015,11336,Independent Study,  3,TBA,TBA,Main Camp, ,Tosun, Ali S.,08/26-12/13,17,10,1,9,To be determined by instructor ,  $120,GO, 
OPEN,CS,6953,016,11337,Independent Study,  3,TBA,TBA,Main Camp, ,Wang, Wei,08/26-12/13,17,10,2,8,To be determined by instructor ,  $120,GO, 
CLOSED,CS,6953,017,10168,Independent Study,  3,TBA,TBA,Main Camp, ,Wang, Xiaoyin,08/26-12/13,17,10,10,0,To be determined by instructor ,  $120,GO, 
OPEN,CS,6953,018,11774,Independent Study,  3,TBA,TBA,Main Camp, ,White, Gregory B.,08/26-12/13,17,10,0,10,To be determined by instructor ,  $120,GO, 
OPEN,CS,6953,019,11775,Independent Study,  3,TBA,TBA,Main Camp, ,Xu, Shouhuai,08/26-12/13,17,10,1,9,To be determined by instructor ,  $120,GO, 
OPEN,CS,6953,020,12023,Independent Study,  3,TBA,TBA,Main Camp, ,Staff,08/26-12/13,17,10,0,10,To be determined by instructor ,  $120,GO, 
OPEN,CS,6953,021,12042,Independent Study,  3,TBA,TBA,Main Camp, ,Zhang, Weining,08/26-12/13,17,10,0,10,To be determined by instructor ,  $120,GO, 
OPEN,CS,6953,022,12305,Independent Study,  3,TBA,TBA,Main Camp, ,Zhu, Dakai,08/26-12/13,17,10,0,10,To be determined by instructor ,  $120,GO, 
OPEN,CS,6953,023,12306,Independent Study,  3,TBA,TBA,Main Camp, ,Robinson, Mark A.,08/26-12/13,17,10,1,9,To be determined by instructor ,  $120,GO, 
OPEN,CS,6953,024,12307,Independent Study,  3,TBA,TBA,Main Camp, ,Fernandez, Amanda S.,08/26-12/13,17,10,0,10,To be determined by instructor ,  $120,GO, 
OPEN,CS,6953,025,12973,Independent Study,  3,TBA,TBA,Main Camp, ,Robinson, Mark A.,08/26-12/13,17,10,1,9,To be determined by instructor ,  $120,GO, 
OPEN,CS,6953,026,13692,Independent Study,  3,TBA,TBA,Main Camp, ,Slavin, Rocky L.,08/26-12/13,17,5,0,5,To be determined by instructor ,  $120,GO, 
OPEN,CS,6953,26,23691,Independent Study,  3,TBA,TBA,Main Camp, ,Slavin, Rocky L.,08/26-12/13,17,10,0,10,To be determined by instructor ,  $120,GO, 
OPEN,CS,6961,001,10796,Comprehensive Examination,  1,TBA,TBA,Main Camp, ,Boppana, Rajendra V.,08/26-12/13,17,10,0,10,To be determined by instructor ,   $40,BEO, 
OPEN,CS,6961,002,11000,Comprehensive Examination,  1,TBA,TBA,Main Camp, ,Gibson, Matthew R.,08/26-12/13,17,10,0,10,To be determined by instructor ,   $40,BEO, 
OPEN,CS,6961,003,11224,Comprehensive Examination,  1,TBA,TBA,Main Camp, ,Al Nasr, Kamal,08/26-12/13,17,10,0,10,To be determined by instructor ,   $40,BEO, 
OPEN,CS,6961,004,11468,Comprehensive Examination,  1,TBA,TBA,Main Camp, ,Jadliwala, Murtuza,08/26-12/13,17,10,0,10,To be determined by instructor ,   $40,BEO, 
OPEN,CS,6961,005,11469,Comprehensive Examination,  1,TBA,TBA,Main Camp, ,Korkmaz, Turgay  .,08/26-12/13,17,10,0,10,To be determined by instructor ,   $40,BEO, 
OPEN,CS,6961,006,11470,Comprehensive Examination,  1,TBA,TBA,Main Camp, ,Lama, Palden,08/26-12/13,17,10,1,9,To be determined by instructor ,   $40,BEO, 
OPEN,CS,6961,007,11471,Comprehensive Examination,  1,TBA,TBA,Main Camp, ,Staff,08/26-12/13,17,10,0,10,To be determined by instructor ,   $40,BEO, 
OPEN,CS,6961,008,11472,Comprehensive Examination,  1,TBA,TBA,Main Camp, ,Staff,08/26-12/13,17,10,0,10,To be determined by instructor ,   $40,BEO, 
OPEN,CS,6961,009,11474,Comprehensive Examination,  1,TBA,TBA,Main Camp, ,Staff,08/26-12/13,17,10,0,10,To be determined by instructor ,   $40,BEO, 
OPEN,CS,6961,010,11475,Comprehensive Examination,  1,TBA,TBA,Main Camp, ,Niu, Jianwei,08/26-12/13,17,10,0,10,To be determined by instructor ,   $40,BEO, 
OPEN,CS,6961,011,11476,Comprehensive Examination,  1,TBA,TBA,Main Camp, ,Quarles, John P.,08/26-12/13,17,10,0,10,To be determined by instructor ,   $40,BEO, 
OPEN,CS,6961,012,11477,Comprehensive Examination,  1,TBA,TBA,Main Camp, ,Ruan, Jianhua,08/26-12/13,17,10,0,10,To be determined by instructor ,   $40,BEO, 
OPEN,CS,6961,013,11478,Comprehensive Examination,  1,TBA,TBA,Main Camp, ,Sandhu, Ravi,08/26-12/13,17,10,0,10,To be determined by instructor ,   $40,BEO, 
OPEN,CS,6961,014,11479,Comprehensive Examination,  1,TBA,TBA,Main Camp, ,Staff,08/26-12/13,17,10,0,10,To be determined by instructor ,   $40,BEO, 
OPEN,CS,6961,015,11480,Comprehensive Examination,  1,TBA,TBA,Main Camp, ,Tosun, Ali S.,08/26-12/13,17,10,0,10,To be determined by instructor ,   $40,BEO, 
OPEN,CS,6961,016,11481,Comprehensive Examination,  1,TBA,TBA,Main Camp, ,Wang, Wei,08/26-12/13,17,10,1,9,To be determined by instructor ,   $40,BEO, 
OPEN,CS,6961,017,10258,Comprehensive Examination,  1,TBA,TBA,Main Camp, ,Wang, Xiaoyin,08/26-12/13,17,10,0,10,To be determined by instructor ,   $40,BEO, 
OPEN,CS,6961,018,11861,Comprehensive Examination,  1,TBA,TBA,Main Camp, ,White, Gregory B.,08/26-12/13,17,10,0,10,To be determined by instructor ,   $40,BEO, 
OPEN,CS,6961,019,11862,Comprehensive Examination,  1,TBA,TBA,Main Camp, ,Xu, Shouhuai,08/26-12/13,17,10,1,9,To be determined by instructor ,   $40,BEO, 
OPEN,CS,6961,020,12308,Comprehensive Examination,  1,TBA,TBA,Main Camp, ,Staff,08/26-12/13,17,10,0,10,To be determined by instructor ,   $40,BEO, 
OPEN,CS,6961,021,12309,Comprehensive Examination,  1,TBA,TBA,Main Camp, ,Zhang, Weining,08/26-12/13,17,10,1,9,To be determined by instructor ,   $40,BEO, 
OPEN,CS,6961,022,12310,Comprehensive Examination,  1,TBA,TBA,Main Camp, ,Zhu, Dakai,08/26-12/13,17,10,1,9,To be determined by instructor ,   $40,BEO, 
OPEN,CS,6961,023,12311,Comprehensive Examination,  1,TBA,TBA,Main Camp, ,Staff,08/26-12/13,17,10,0,10,To be determined by instructor ,   $40,BEO, 
OPEN,CS,6961,024,12312,Comprehensive Examination,  1,TBA,TBA,Main Camp, ,Fernandez, Amanda S.,08/26-12/13,17,10,0,10,To be determined by instructor ,   $40,BEO, 
OPEN,CS,6961,025,12974,Comprehensive Examination,  1,TBA,TBA,Main Camp, ,Staff,08/26-12/13,17,10,0,10,To be determined by instructor ,   $40,BEO, 
OPEN,CS,6961,026,13693,Comprehensive Examination,  1,TBA,TBA,Main Camp, ,Slavin, Rocky L.,08/26-12/13,17,5,0,5,To be determined by instructor ,   $40,BEO, 
OPEN,CS,6981,001,13694,Master's Thesis,  1,TBA,TBA,Main Camp, ,Boppana, Rajendra V.,08/26-12/13,17,5,0,5,To be determined by instructor ,   $40,B, 
OPEN,CS,6981,002,13695,Master's Thesis,  1,TBA,TBA,Main Camp, ,Gibson, Matthew R.,08/26-12/13,17,5,0,5,To be determined by instructor ,   $40,B, 
OPEN,CS,6981,003,13696,Master's Thesis,  1,TBA,TBA,Main Camp, ,Al Nasr, Kamal,08/26-12/13,17,5,0,5,To be determined by instructor ,   $40,B, 
OPEN,CS,6981,004,13697,Master's Thesis,  1,TBA,TBA,Main Camp, ,Jadliwala, Murtuza,08/26-12/13,17,5,0,5,To be determined by instructor ,   $40,B, 
OPEN,CS,6981,005,13698,Master's Thesis,  1,TBA,TBA,Main Camp, ,Korkmaz, Turgay  .,08/26-12/13,17,5,0,5,To be determined by instructor ,   $40,B, 
OPEN,CS,6981,006,13699,Master's Thesis,  1,TBA,TBA,Main Camp, ,Lama, Palden,08/26-12/13,17,5,0,5,To be determined by instructor ,   $40,, 
OPEN,CS,6981,007,13711,Master's Thesis,  1,TBA,TBA,Main Camp, ,Staff,08/26-12/13,17,5,0,5,To be determined by instructor ,   $40,B, 
OPEN,CS,6981,008,13712,Master's Thesis,  1,TBA,TBA,Main Camp, ,Staff,08/26-12/13,17,5,0,5,To be determined by instructor ,   $40,B, 
OPEN,CS,6981,009,13713,Master's Thesis,  1,TBA,TBA,Main Camp, ,Staff,08/26-12/13,17,5,0,5,To be determined by instructor ,   $40,B, 
OPEN,CS,6981,010,13714,Master's Thesis,  1,TBA,TBA,Main Camp, ,Niu, Jianwei,08/26-12/13,17,5,0,5,To be determined by instructor ,   $40,B, 
OPEN,CS,6981,011,13715,Master's Thesis,  1,TBA,TBA,Main Camp, ,Quarles, John P.,08/26-12/13,17,5,0,5,To be determined by instructor ,   $40,B, 
OPEN,CS,6981,012,13716,Master's Thesis,  1,TBA,TBA,Main Camp, ,Ruan, Jianhua,08/26-12/13,17,5,0,5,To be determined by instructor ,   $40,B, 
OPEN,CS,6981,013,13717,Master's Thesis,  1,TBA,TBA,Main Camp, ,Sandhu, Ravi,08/26-12/13,17,5,0,5,To be determined by instructor ,   $40,B, 
OPEN,CS,6981,014,13718,Master's Thesis,  1,TBA,TBA,Main Camp, ,Staff,08/26-12/13,17,5,0,5,To be determined by instructor ,   $40,B, 
OPEN,CS,6981,015,13719,Master's Thesis,  1,TBA,TBA,Main Camp, ,Tosun, Ali S.,08/26-12/13,17,5,0,5,To be determined by instructor ,   $40,B, 
OPEN,CS,6981,016,13720,Master's Thesis,  1,TBA,TBA,Main Camp, ,Wang, Wei,08/26-12/13,17,5,0,5,To be determined by instructor ,   $40,B, 
OPEN,CS,6981,017,13721,Master's Thesis,  1,TBA,TBA,Main Camp, ,Wang, Xiaoyin,08/26-12/13,17,5,1,4,To be determined by instructor ,   $40,B, 
OPEN,CS,6981,018,13722,Master's Thesis,  1,TBA,TBA,Main Camp, ,White, Gregory B.,08/26-12/13,17,5,0,5,To be determined by instructor ,   $40,B, 
OPEN,CS,6981,019,13723,Master's Thesis,  1,TBA,TBA,Main Camp, ,Xu, Shouhuai,08/26-12/13,17,5,0,5,To be determined by instructor ,   $40,B, 
OPEN,CS,6981,020,13724,Master's Thesis,  1,TBA,TBA,Main Camp, ,Staff,08/26-12/13,17,5,0,5,To be determined by instructor ,   $40,B, 
OPEN,CS,6981,021,13725,Master's Thesis,  1,TBA,TBA,Main Camp, ,Zhang, Weining,08/26-12/13,17,5,0,5,To be determined by instructor ,   $40,B, 
OPEN,CS,6981,022,13726,Master's Thesis,  1,TBA,TBA,Main Camp, ,Zhu, Dakai,08/26-12/13,17,5,0,5,To be determined by instructor ,   $40,B, 
OPEN,CS,6981,023,13727,Master's Thesis,  1,TBA,TBA,Main Camp, ,Staff,08/26-12/13,17,5,0,5,To be determined by instructor ,   $40,B, 
OPEN,CS,6981,024,13728,Master's Thesis,  1,TBA,TBA,Main Camp, ,Fernandez, Amanda S.,08/26-12/13,17,5,0,5,To be determined by instructor ,   $40,B, 
OPEN,CS,6981,025,13729,Master's Thesis,  1,TBA,TBA,Main Camp, ,Staff,08/26-12/13,17,5,0,5,To be determined by instructor ,   $40,B, 
OPEN,CS,6981,026,23747,Master's Thesis,  1,TBA,TBA,Main Camp, ,Slavin, Rocky L.,08/26-12/13,17,5,0,5,To be determined by instructor ,   $40,B, 
OPEN,CS,6982,001,13706,Master's Thesis,  2,TBA,TBA,Main Camp, ,Boppana, Rajendra V.,08/26-12/13,17,5,0,5,To be determined by instructor ,   $80,B, 
OPEN,CS,6982,002,13707,Master's Thesis,  2,TBA,TBA,Main Camp, ,Gibson, Matthew R.,08/26-12/13,17,5,0,5,To be determined by instructor ,   $80,B, 
OPEN,CS,6982,003,13708,Master's Thesis,  2,TBA,TBA,Main Camp, ,Al Nasr, Kamal,08/26-12/13,17,5,0,5,To be determined by instructor ,   $80,B, 
OPEN,CS,6982,004,13709,Master's Thesis,  2,TBA,TBA,Main Camp, ,Jadliwala, Murtuza,08/26-12/13,17,5,0,5,To be determined by instructor ,   $80,B, 
OPEN,CS,6982,005,13710,Master's Thesis,  2,TBA,TBA,Main Camp, ,Korkmaz, Turgay  .,08/26-12/13,17,5,0,5,To be determined by instructor ,   $80,B, 
OPEN,CS,6982,006,13730,Master's Thesis,  2,TBA,TBA,Main Camp, ,Lama, Palden,08/26-12/13,17,5,0,5,To be determined by instructor ,   $80,B, 
OPEN,CS,6982,007,13731,Master's Thesis,  2,TBA,TBA,Main Camp, ,Staff,08/26-12/13,17,5,0,5,To be determined by instructor ,   $80,B, 
OPEN,CS,6982,008,13732,Master's Thesis,  2,TBA,TBA,Main Camp, ,Staff,08/26-12/13,17,5,0,5,To be determined by instructor ,   $80,B, 
OPEN,CS,6982,009,13733,Master's Thesis,  2,TBA,TBA,Main Camp, ,Staff,08/26-12/13,17,5,0,5,To be determined by instructor ,   $80,B, 
OPEN,CS,6982,010,13734,Master's Thesis,  2,TBA,TBA,Main Camp, ,Niu, Jianwei,08/26-12/13,17,5,0,5,To be determined by instructor ,   $80,B, 
OPEN,CS,6982,011,13735,Master's Thesis,  2,TBA,TBA,Main Camp, ,Quarles, John P.,08/26-12/13,17,5,0,5,To be determined by instructor ,   $80,B, 
OPEN,CS,6982,012,13736,Master's Thesis,  2,TBA,TBA,Main Camp, ,Ruan, Jianhua,08/26-12/13,17,5,0,5,To be determined by instructor ,   $80,B, 
OPEN,CS,6982,013,13737,Master's Thesis,  2,TBA,TBA,Main Camp, ,Sandhu, Ravi,08/26-12/13,17,5,0,5,To be determined by instructor ,   $80,B, 
OPEN,CS,6982,014,13738,Master's Thesis,  2,TBA,TBA,Main Camp, ,Staff,08/26-12/13,17,5,0,5,To be determined by instructor ,   $80,B, 
OPEN,CS,6982,015,13739,Master's Thesis,  2,TBA,TBA,Main Camp, ,Tosun, Ali S.,08/26-12/13,17,5,0,5,To be determined by instructor ,   $80,B, 
OPEN,CS,6982,016,13740,Master's Thesis,  2,TBA,TBA,Main Camp, ,Wang, Wei,08/26-12/13,17,5,0,5,To be determined by instructor ,   $80,B, 
OPEN,CS,6982,017,13741,Master's Thesis,  2,TBA,TBA,Main Camp, ,Wang, Xiaoyin,08/26-12/13,17,5,0,5,To be determined by instructor ,   $80,B, 
OPEN,CS,6982,018,13742,Master's Thesis,  2,TBA,TBA,Main Camp, ,White, Gregory B.,08/26-12/13,17,5,0,5,To be determined by instructor ,   $80,B, 
OPEN,CS,6982,019,13743,Master's Thesis,  2,TBA,TBA,Main Camp, ,Xu, Shouhuai,08/26-12/13,17,5,0,5,To be determined by instructor ,   $80,B, 
OPEN,CS,6982,020,13744,Master's Thesis,  2,TBA,TBA,Main Camp, ,Staff,08/26-12/13,17,5,0,5,To be determined by instructor ,   $80,B, 
OPEN,CS,6982,021,13745,Master's Thesis,  2,TBA,TBA,Main Camp, ,Zhang, Weining,08/26-12/13,17,5,0,5,To be determined by instructor ,   $80,B, 
OPEN,CS,6982,022,13746,Master's Thesis,  2,TBA,TBA,Main Camp, ,Zhu, Dakai,08/26-12/13,17,5,0,5,To be determined by instructor ,   $80,B, 
OPEN,CS,6982,023,13747,Master's Thesis,  2,TBA,TBA,Main Camp, ,Staff,08/26-12/13,17,5,0,5,To be determined by instructor ,   $80,B, 
OPEN,CS,6982,024,13748,Master's Thesis,  2,TBA,TBA,Main Camp, ,Fernandez, Amanda S.,08/26-12/13,17,5,0,5,To be determined by instructor ,   $80,B, 
OPEN,CS,6982,025,13749,Master's Thesis,  2,TBA,TBA,Main Camp, ,Staff,08/26-12/13,17,5,0,5,To be determined by instructor ,   $80,B, 
OPEN,CS,6983,001,10791,Master's Thesis,  3,TBA,TBA,Main Camp, ,Boppana, Rajendra V.,08/26-12/13,17,10,0,10,To be determined by instructor ,  $120,BO, 
OPEN,CS,6983,002,11001,Master's Thesis,  3,TBA,TBA,Main Camp, ,Gibson, Matthew R.,08/26-12/13,17,10,0,10,To be determined by instructor ,  $120,BO, 
OPEN,CS,6983,003,11002,Master's Thesis,  3,TBA,TBA,Main Camp, ,Al Nasr, Kamal,08/26-12/13,17,10,0,10,To be determined by instructor ,  $120,BO, 
OPEN,CS,6983,004,11003,Master's Thesis,  3,TBA,TBA,Main Camp, ,Jadliwala, Murtuza,08/26-12/13,17,10,0,10,To be determined by instructor ,  $120,BO, 
OPEN,CS,6983,005,11004,Master's Thesis,  3,TBA,TBA,Main Camp, ,Korkmaz, Turgay  .,08/26-12/13,17,10,0,10,To be determined by instructor ,  $120,BO, 
OPEN,CS,6983,006,11005,Master's Thesis,  3,TBA,TBA,Main Camp, ,Lama, Palden,08/26-12/13,17,10,0,10,To be determined by instructor ,  $120,BO, 
OPEN,CS,6983,007,11521,Master's Thesis,  3,TBA,TBA,Main Camp, ,Fernandez, Amanda S.,08/26-12/13,17,10,1,9,To be determined by instructor ,  $120,BO, 
OPEN,CS,6983,008,11522,Master's Thesis,  3,TBA,TBA,Main Camp, ,Fernandez, Amanda S.,08/26-12/13,17,10,1,9,To be determined by instructor ,  $120,BO, 
OPEN,CS,6983,009,11523,Master's Thesis,  3,TBA,TBA,Main Camp, ,Staff,08/26-12/13,17,10,0,10,To be determined by instructor ,  $120,BO, 
OPEN,CS,6983,010,11524,Master's Thesis,  3,TBA,TBA,Main Camp, ,Niu, Jianwei,08/26-12/13,17,10,0,10,To be determined by instructor ,  $120,BO, 
OPEN,CS,6983,011,11525,Master's Thesis,  3,TBA,TBA,Main Camp, ,Quarles, John P.,08/26-12/13,17,10,0,10,To be determined by instructor ,  $120,BO, 
OPEN,CS,6983,012,11526,Master's Thesis,  3,TBA,TBA,Main Camp, ,Ruan, Jianhua,08/26-12/13,17,10,0,10,To be determined by instructor ,  $120,BO, 
OPEN,CS,6983,013,11527,Master's Thesis,  3,TBA,TBA,Main Camp, ,Sandhu, Ravi,08/26-12/13,17,10,0,10,To be determined by instructor ,  $120,BO, 
OPEN,CS,6983,014,11528,Master's Thesis,  3,TBA,TBA,Main Camp, ,Staff,08/26-12/13,17,10,0,10,To be determined by instructor ,  $120,BO, 
OPEN,CS,6983,015,11529,Master's Thesis,  3,TBA,TBA,Main Camp, ,Tosun, Ali S.,08/26-12/13,17,10,0,10,To be determined by instructor ,  $120,BO, 
OPEN,CS,6983,016,11530,Master's Thesis,  3,TBA,TBA,Main Camp, ,Wang, Wei,08/26-12/13,17,10,0,10,To be determined by instructor ,  $120,BO, 
OPEN,CS,6983,017,10176,Master's Thesis,  3,TBA,TBA,Main Camp, ,Wang, Xiaoyin,08/26-12/13,17,10,2,8,To be determined by instructor ,  $120,BO, 
OPEN,CS,6983,018,11863,Master's Thesis,  3,TBA,TBA,Main Camp, ,White, Gregory B.,08/26-12/13,17,10,0,10,To be determined by instructor ,  $120,BO, 
OPEN,CS,6983,019,12313,Master's Thesis,  3,TBA,TBA,Main Camp, ,Xu, Shouhuai,08/26-12/13,17,10,0,10,To be determined by instructor ,  $120,BO, 
OPEN,CS,6983,020,12314,Master's Thesis,  3,TBA,TBA,Main Camp, ,Ku, Bernard S.,08/26-12/13,17,10,1,9,To be determined by instructor ,  $120,BO, 
OPEN,CS,6983,021,12315,Master's Thesis,  3,TBA,TBA,Main Camp, ,Zhang, Weining,08/26-12/13,17,10,0,10,To be determined by instructor ,  $120,BO, 
OPEN,CS,6983,022,12360,Master's Thesis,  3,TBA,TBA,Main Camp, ,Zhu, Dakai,08/26-12/13,17,10,0,10,To be determined by instructor ,  $120,BO, 
OPEN,CS,6983,023,12361,Master's Thesis,  3,TBA,TBA,Main Camp, ,Staff,08/26-12/13,17,10,0,10,To be determined by instructor ,  $120,BO, 
OPEN,CS,6983,024,12316,Master's Thesis,  3,TBA,TBA,Main Camp, ,Fernandez, Amanda S.,08/26-12/13,17,10,1,9,To be determined by instructor ,  $120,O, 
OPEN,CS,6983,025,12975,Master's Thesis,  3,TBA,TBA,Main Camp, ,Staff,08/26-12/13,17,10,0,10,To be determined by instructor ,  $120,BO, 
OPEN,CS,6983,026,13700,Master's Thesis,  3,TBA,TBA,Main Camp, ,Slavin, Rocky L.,08/26-12/13,17,5,0,5,To be determined by instructor ,  $120,BO, 
OPEN,CS,6983,027,23690,Master's Thesis,  3,TBA,TBA,Main Camp, ,Gomez-Morales, Mauricio Alejandro,08/26-12/13,17,5,0,5,To be determined by instructor ,  $120,BO, 
OPEN,CS,7211,001,12385,Doctoral Research,  1,TBA,TBA,Main Camp, ,Boppana, Rajendra V.,08/26-12/13,17,5,0,5,To be determined by instructor ,   $40,BO, 
OPEN,CS,7211,002,12386,Doctoral Research,  1,TBA,TBA,Main Camp, ,Gibson, Matthew R.,08/26-12/13,17,5,0,5,To be determined by instructor ,   $40,BO, 
OPEN,CS,7211,003,12387,Doctoral Research,  1,TBA,TBA,Main Camp, ,Al Nasr, Kamal,08/26-12/13,17,5,0,5,To be determined by instructor ,   $40,BO, 
OPEN,CS,7211,004,12388,Doctoral Research,  1,TBA,TBA,Main Camp, ,Jadliwala, Murtuza,08/26-12/13,17,5,0,5,To be determined by instructor ,   $40,BO, 
OPEN,CS,7211,005,13089,Doctoral Research,  1,TBA,TBA,Main Camp, ,Korkmaz, Turgay  .,08/26-12/13,17,5,0,5,To be determined by instructor ,   $40,BO, 
OPEN,CS,7211,006,13090,Doctoral Research,  1,TBA,TBA,Main Camp, ,Lama, Palden,08/26-12/13,17,5,0,5,To be determined by instructor ,   $40,BO, 
OPEN,CS,7211,007,13091,Doctoral Research,  1,TBA,TBA,Main Camp, ,Staff,08/26-12/13,17,5,0,5,To be determined by instructor ,   $40,BO, 
OPEN,CS,7211,008,13092,Doctoral Research,  1,TBA,TBA,Main Camp, ,Staff,08/26-12/13,17,5,0,5,To be determined by instructor ,   $40,BO, 
OPEN,CS,7211,009,13102,Doctoral Research,  1,TBA,TBA,Main Camp, ,Staff,08/26-12/13,17,5,0,5,To be determined by instructor ,   $40,BO, 
OPEN,CS,7211,010,13093,Doctoral Research,  1,TBA,TBA,Main Camp, ,Niu, Jianwei,08/26-12/13,17,5,0,5,To be determined by instructor ,   $40,BO, 
OPEN,CS,7211,011,13094,Doctoral Research,  1,TBA,TBA,Main Camp, ,Quarles, John P.,08/26-12/13,17,5,0,5,To be determined by instructor ,   $40,BO, 
OPEN,CS,7211,012,13095,Doctoral Research,  1,TBA,TBA,Main Camp, ,Ruan, Jianhua,08/26-12/13,17,5,0,5,To be determined by instructor ,   $40,BO, 
OPEN,CS,7211,013,13096,Doctoral Research,  1,TBA,TBA,Main Camp, ,Sandhu, Ravi,08/26-12/13,17,5,0,5,To be determined by instructor ,   $40,BO, 
OPEN,CS,7211,014,13097,Doctoral Research,  1,TBA,TBA,Main Camp, ,Staff,08/26-12/13,17,5,0,5,To be determined by instructor ,   $40,BO, 
OPEN,CS,7211,015,13098,Doctoral Research,  1,TBA,TBA,Main Camp, ,Tosun, Ali S.,08/26-12/13,17,5,0,5,To be determined by instructor ,   $40,BO, 
OPEN,CS,7211,016,13099,Doctoral Research,  1,TBA,TBA,Main Camp, ,Wang, Wei,08/26-12/13,17,5,0,5,To be determined by instructor ,   $40,BO, 
OPEN,CS,7211,017,13100,Doctoral Research,  1,TBA,TBA,Main Camp, ,Wang, Xiaoyin,08/26-12/13,17,5,0,5,To be determined by instructor ,   $40,BO, 
OPEN,CS,7211,018,13101,Doctoral Research,  1,TBA,TBA,Main Camp, ,White, Gregory B.,08/26-12/13,17,5,0,5,To be determined by instructor ,   $40,BO, 
OPEN,CS,7211,019,13103,Doctoral Research,  1,TBA,TBA,Main Camp, ,Xu, Shouhuai,08/26-12/13,17,5,0,5,To be determined by instructor ,   $40,BO, 
OPEN,CS,7211,020,13104,Doctoral Research,  1,TBA,TBA,Main Camp, ,Staff,08/26-12/13,17,5,0,5,To be determined by instructor ,   $40,BO, 
OPEN,CS,7211,021,13105,Doctoral Research,  1,TBA,TBA,Main Camp, ,Zhang, Weining,08/26-12/13,17,5,0,5,To be determined by instructor ,   $40,BO, 
OPEN,CS,7211,022,13106,Doctoral Research,  1,TBA,TBA,Main Camp, ,Zhu, Dakai,08/26-12/13,17,5,0,5,To be determined by instructor ,   $40,BO, 
OPEN,CS,7211,023,13107,Doctoral Research,  1,TBA,TBA,Main Camp, ,Staff,08/26-12/13,17,5,0,5,To be determined by instructor ,   $40,BO, 
OPEN,CS,7211,024,13108,Doctoral Research,  1,TBA,TBA,Main Camp, ,Fernandez, Amanda S.,08/26-12/13,17,5,0,5,To be determined by instructor ,   $40,BO, 
OPEN,CS,7211,025,13109,Doctoral Research,  1,TBA,TBA,Main Camp, ,Staff,08/26-12/13,17,5,0,5,To be determined by instructor ,   $40,BO, 
OPEN,CS,7211,026,13701,Doctoral Research,  1,TBA,TBA,Main Camp, ,Slavin, Rocky L.,08/26-12/13,17,5,0,5,To be determined by instructor ,   $40,BO, 
OPEN,CS,7213,001,10751,Doctoral Research,  3,TBA,TBA,Main Camp, ,Boppana, Rajendra V.,08/26-12/13,17,10,3,7,To be determined by instructor ,  $120,BO, 
OPEN,CS,7213,002,10798,Doctoral Research,  3,TBA,TBA,Main Camp, ,Gibson, Matthew R.,08/26-12/13,17,10,3,7,To be determined by instructor ,  $120,BO, 
OPEN,CS,7213,003,10799,Doctoral Research,  3,TBA,TBA,Main Camp, ,Al Nasr, Kamal,08/26-12/13,17,10,0,10,To be determined by instructor ,  $120,BO, 
OPEN,CS,7213,004,10902,Doctoral Research,  3,TBA,TBA,Main Camp, ,Jadliwala, Murtuza,08/26-12/13,17,10,4,6,To be determined by instructor ,  $120,BO, 
OPEN,CS,7213,005,11019,Doctoral Research,  3,TBA,TBA,Main Camp, ,Korkmaz, Turgay  .,08/26-12/13,17,10,1,9,To be determined by instructor ,  $120,BO, 
OPEN,CS,7213,006,11020,Doctoral Research,  3,TBA,TBA,Main Camp, ,Lama, Palden,08/26-12/13,17,10,1,9,To be determined by instructor ,  $120,BO, 
OPEN,CS,7213,007,11021,Doctoral Research,  3,TBA,TBA,Main Camp, ,Staff,08/26-12/13,17,10,0,10,To be determined by instructor ,  $120,BO, 
OPEN,CS,7213,008,11022,Doctoral Research,  3,TBA,TBA,Main Camp, ,Xie, Mimi,08/26-12/13,17,10,1,9,To be determined by instructor ,  $120,BO, 
OPEN,CS,7213,009,11531,Doctoral Research,  3,TBA,TBA,Main Camp, ,Staff,08/26-12/13,17,10,0,10,To be determined by instructor ,  $120,BO, 
OPEN,CS,7213,010,11532,Doctoral Research,  3,TBA,TBA,Main Camp, ,Niu, Jianwei,08/26-12/13,17,10,1,9,To be determined by instructor ,  $120,BO, 
OPEN,CS,7213,011,11533,Doctoral Research,  3,TBA,TBA,Main Camp, ,Quarles, John P.,08/26-12/13,17,10,4,6,To be determined by instructor ,  $120,BO, 
OPEN,CS,7213,012,11534,Doctoral Research,  3,TBA,TBA,Main Camp, ,Ruan, Jianhua,08/26-12/13,17,10,2,8,To be determined by instructor ,  $120,BO, 
OPEN,CS,7213,013,11535,Doctoral Research,  3,TBA,TBA,Main Camp, ,Sandhu, Ravi,08/26-12/13,17,10,5,5,To be determined by instructor ,  $120,BO, 
OPEN,CS,7213,014,11536,Doctoral Research,  3,TBA,TBA,Main Camp, ,Staff,08/26-12/13,17,10,0,10,To be determined by instructor ,  $120,BO, 
OPEN,CS,7213,015,11537,Doctoral Research,  3,TBA,TBA,Main Camp, ,Tosun, Ali S.,08/26-12/13,17,10,0,10,To be determined by instructor ,  $120,BO, 
OPEN,CS,7213,016,11538,Doctoral Research,  3,TBA,TBA,Main Camp, ,Wang, Wei,08/26-12/13,17,10,3,7,To be determined by instructor ,  $120,BO, 
OPEN,CS,7213,017,10633,Doctoral Research,  3,TBA,TBA,Main Camp, ,Wang, Xiaoyin,08/26-12/13,17,10,2,8,To be determined by instructor ,  $120,BO, 
OPEN,CS,7213,018,11864,Doctoral Research,  3,TBA,TBA,Main Camp, ,White, Gregory B.,08/26-12/13,17,10,0,10,To be determined by instructor ,  $120,BO, 
OPEN,CS,7213,019,11865,Doctoral Research,  3,TBA,TBA,Main Camp, ,Xu, Shouhuai,08/26-12/13,17,10,3,7,To be determined by instructor ,  $120,BO, 
OPEN,CS,7213,020,12317,Doctoral Research,  3,TBA,TBA,Main Camp, ,Staff,08/26-12/13,17,10,0,10,To be determined by instructor ,  $120,BO, 
OPEN,CS,7213,021,12318,Doctoral Research,  3,TBA,TBA,Main Camp, ,Zhang, Weining,08/26-12/13,17,10,0,10,To be determined by instructor ,  $120,BO, 
OPEN,CS,7213,022,12319,Doctoral Research,  3,TBA,TBA,Main Camp, ,Zhu, Dakai,08/26-12/13,17,10,1,9,To be determined by instructor ,  $120,BO, 
OPEN,CS,7213,023,12320,Doctoral Research,  3,TBA,TBA,Main Camp, ,Staff,08/26-12/13,17,10,0,10,To be determined by instructor ,  $120,BO, 
OPEN,CS,7213,024,12321,Doctoral Research,  3,TBA,TBA,Main Camp, ,Fernandez, Amanda S.,08/26-12/13,17,10,2,8,To be determined by instructor ,  $120,BO, 
OPEN,CS,7213,025,12976,Doctoral Research,  3,TBA,TBA,Main Camp, ,Staff,08/26-12/13,17,10,0,10,To be determined by instructor ,  $120,BO, 
OPEN,CS,7213,026,13702,Doctoral Research,  3,TBA,TBA,Main Camp, ,Slavin, Rocky L.,08/26-12/13,17,5,0,5,To be determined by instructor ,  $120,BO, 
OPEN,CS,7216,001,11023,Doctoral Research,  6,TBA,TBA,Main Camp, ,Boppana, Rajendra V.,08/26-12/13,17,10,2,8,To be determined by instructor ,  $240,BO, 
OPEN,CS,7216,002,11024,Doctoral Research,  6,TBA,TBA,Main Camp, ,Gibson, Matthew R.,08/26-12/13,17,10,2,8,To be determined by instructor ,  $240,BO, 
OPEN,CS,7216,003,11025,Doctoral Research,  6,TBA,TBA,Main Camp, ,Al Nasr, Kamal,08/26-12/13,17,10,0,10,To be determined by instructor ,  $240,BO, 
OPEN,CS,7216,004,11026,Doctoral Research,  6,TBA,TBA,Main Camp, ,Jadliwala, Murtuza,08/26-12/13,17,10,4,6,To be determined by instructor ,  $240,BO, 
OPEN,CS,7216,005,11027,Doctoral Research,  6,TBA,TBA,Main Camp, ,Korkmaz, Turgay  .,08/26-12/13,17,10,0,10,To be determined by instructor ,  $240,BO, 
OPEN,CS,7216,006,11028,Doctoral Research,  6,TBA,TBA,Main Camp, ,Lama, Palden,08/26-12/13,17,10,0,10,To be determined by instructor ,  $240,BO, 
OPEN,CS,7216,007,11539,Doctoral Research,  6,TBA,TBA,Main Camp, ,Staff,08/26-12/13,17,10,0,10,To be determined by instructor ,  $240,BO, 
OPEN,CS,7216,008,11540,Doctoral Research,  6,TBA,TBA,Main Camp, ,Staff,08/26-12/13,17,10,0,10,To be determined by instructor ,  $240,BO, 
OPEN,CS,7216,009,11541,Doctoral Research,  6,TBA,TBA,Main Camp, ,Staff,08/26-12/13,17,10,0,10,To be determined by instructor ,  $240,BO, 
OPEN,CS,7216,010,11542,Doctoral Research,  6,TBA,TBA,Main Camp, ,Niu, Jianwei,08/26-12/13,17,10,0,10,To be determined by instructor ,  $240,BO, 
OPEN,CS,7216,011,11543,Doctoral Research,  6,TBA,TBA,Main Camp, ,Quarles, John P.,08/26-12/13,17,10,3,7,To be determined by instructor ,  $240,BO, 
OPEN,CS,7216,012,11544,Doctoral Research,  6,TBA,TBA,Main Camp, ,Ruan, Jianhua,08/26-12/13,17,10,4,6,To be determined by instructor ,  $240,BO, 
OPEN,CS,7216,013,11545,Doctoral Research,  6,TBA,TBA,Main Camp, ,Sandhu, Ravi,08/26-12/13,17,10,6,4,To be determined by instructor ,  $240,BO, 
OPEN,CS,7216,014,11546,Doctoral Research,  6,TBA,TBA,Main Camp, ,Staff,08/26-12/13,17,10,0,10,To be determined by instructor ,  $240,BO, 
OPEN,CS,7216,015,11547,Doctoral Research,  6,TBA,TBA,Main Camp, ,Tosun, Ali S.,08/26-12/13,17,10,1,9,To be determined by instructor ,  $240,BO, 
OPEN,CS,7216,016,11548,Doctoral Research,  6,TBA,TBA,Main Camp, ,Wang, Wei,08/26-12/13,17,10,2,8,To be determined by instructor ,  $240,BO, 
OPEN,CS,7216,017,11866,Doctoral Research,  6,TBA,TBA,Main Camp, ,Wang, Xiaoyin,08/26-12/13,17,10,2,8,To be determined by instructor ,  $240,BO, 
OPEN,CS,7216,018,11867,Doctoral Research,  6,TBA,TBA,Main Camp, ,White, Gregory B.,08/26-12/13,17,10,0,10,To be determined by instructor ,  $240,BO, 
OPEN,CS,7216,019,11868,Doctoral Research,  6,TBA,TBA,Main Camp, ,Xu, Shouhuai,08/26-12/13,17,10,2,8,To be determined by instructor ,  $240,BO, 
OPEN,CS,7216,020,12322,Doctoral Research,  6,TBA,TBA,Main Camp, ,Staff,08/26-12/13,17,10,0,10,To be determined by instructor ,  $240,BO, 
OPEN,CS,7216,021,12323,Doctoral Research,  6,TBA,TBA,Main Camp, ,Zhang, Weining,08/26-12/13,17,10,0,10,To be determined by instructor ,  $240,BO, 
OPEN,CS,7216,022,12362,Doctoral Research,  6,TBA,TBA,Main Camp, ,Zhu, Dakai,08/26-12/13,17,10,0,10,To be determined by instructor ,  $240,BO, 
OPEN,CS,7216,023,12324,Doctoral Research,  6,TBA,TBA,Main Camp, ,Staff,08/26-12/13,17,10,0,10,To be determined by instructor ,  $240,BO, 
OPEN,CS,7216,024,12325,Doctoral Research,  6,TBA,TBA,Main Camp, ,Fernandez, Amanda S.,08/26-12/13,17,10,2,8,To be determined by instructor ,  $240,BO, 
OPEN,CS,7216,025,12977,Doctoral Research,  6,TBA,TBA,Main Camp, ,Staff,08/26-12/13,17,10,0,10,To be determined by instructor ,  $240,BO, 
OPEN,CS,7216,026,13703,Doctoral Research,  6,TBA,TBA,Main Camp, ,Slavin, Rocky L.,08/26-12/13,17,5,0,5,To be determined by instructor ,  $240,BO, 
OPEN,CS,7311,001,12352,Doctoral Dissertation,  1,TBA,TBA,Main Camp, ,Boppana, Rajendra V.,08/26-12/13,17,10,0,10,To be determined by instructor ,   $40,BO, 
OPEN,CS,7311,002,12468,Doctoral Dissertation,  1,TBA,TBA,Main Camp, ,Gibson, Matthew R.,08/26-12/13,17,10,0,10,To be determined by instructor ,   $40,BO, 
OPEN,CS,7311,003,12469,Doctoral Dissertation,  1,TBA,TBA,Main Camp, ,Al Nasr, Kamal,08/26-12/13,17,10,0,10,To be determined by instructor ,   $40,BO, 
OPEN,CS,7311,004,13112,Doctoral Dissertation,  1,TBA,TBA,Main Camp, ,Jadliwala, Murtuza,08/26-12/13,17,5,0,5,To be determined by instructor ,   $40,BO, 
OPEN,CS,7311,005,13113,Doctoral Dissertation,  1,TBA,TBA,Main Camp, ,Korkmaz, Turgay  .,08/26-12/13,17,5,0,5,To be determined by instructor ,   $40,BO, 
OPEN,CS,7311,006,13114,Doctoral Dissertation,  1,TBA,TBA,Main Camp, ,Lama, Palden,08/26-12/13,17,5,0,5,To be determined by instructor ,   $40,BO, 
OPEN,CS,7311,007,13115,Doctoral Dissertation,  1,TBA,TBA,Main Camp, ,Staff,08/26-12/13,17,5,0,5,To be determined by instructor ,   $40,BO, 
OPEN,CS,7311,008,13116,Doctoral Dissertation,  1,TBA,TBA,Main Camp, ,Staff,08/26-12/13,17,5,0,5,To be determined by instructor ,   $40,BO, 
OPEN,CS,7311,009,13117,Doctoral Dissertation,  1,TBA,TBA,Main Camp, ,Staff,08/26-12/13,17,5,0,5,To be determined by instructor ,   $40,BO, 
OPEN,CS,7311,010,13118,Doctoral Dissertation,  1,TBA,TBA,Main Camp, ,Niu, Jianwei,08/26-12/13,17,5,1,4,To be determined by instructor ,   $40,BO, 
OPEN,CS,7311,011,13119,Doctoral Dissertation,  1,TBA,TBA,Main Camp, ,Quarles, John P.,08/26-12/13,17,5,0,5,To be determined by instructor ,   $40,BO, 
OPEN,CS,7311,012,13120,Doctoral Dissertation,  1,TBA,TBA,Main Camp, ,Ruan, Jianhua,08/26-12/13,17,5,0,5,To be determined by instructor ,   $40,BO, 
OPEN,CS,7311,013,13265,Doctoral Dissertation,  1,TBA,TBA,Main Camp, ,Sandhu, Ravi,08/26-12/13,17,5,1,4,To be determined by instructor ,   $40,BO, 
OPEN,CS,7311,014,13266,Doctoral Dissertation,  1,TBA,TBA,Main Camp, ,Staff,08/26-12/13,17,5,0,5,To be determined by instructor ,   $40,BO, 
OPEN,CS,7311,015,13267,Doctoral Dissertation,  1,TBA,TBA,Main Camp, ,Tosun, Ali S.,08/26-12/13,17,5,0,5,To be determined by instructor ,   $40,BO, 
OPEN,CS,7311,016,13268,Doctoral Dissertation,  1,TBA,TBA,Main Camp, ,Wang, Wei,08/26-12/13,17,5,0,5,To be determined by instructor ,   $40,BO, 
OPEN,CS,7311,017,13269,Doctoral Dissertation,  1,TBA,TBA,Main Camp, ,Wang, Xiaoyin,08/26-12/13,17,5,0,5,To be determined by instructor ,   $40,BO, 
OPEN,CS,7311,018,13270,Doctoral Dissertation,  1,TBA,TBA,Main Camp, ,White, Gregory B.,08/26-12/13,17,5,0,5,To be determined by instructor ,   $40,BO, 
OPEN,CS,7311,019,13271,Doctoral Dissertation,  1,TBA,TBA,Main Camp, ,Xu, Shouhuai,08/26-12/13,17,5,0,5,To be determined by instructor ,   $40,BO, 
OPEN,CS,7311,020,13272,Doctoral Dissertation,  1,TBA,TBA,Main Camp, ,Staff,08/26-12/13,17,5,0,5,To be determined by instructor ,   $40,BO, 
OPEN,CS,7311,021,13273,Doctoral Dissertation,  1,TBA,TBA,Main Camp, ,Zhang, Weining,08/26-12/13,17,5,0,5,To be determined by instructor ,   $40,BO, 
OPEN,CS,7311,022,13274,Doctoral Dissertation,  1,TBA,TBA,Main Camp, ,Zhu, Dakai,08/26-12/13,17,5,1,4,To be determined by instructor ,   $40,BO, 
OPEN,CS,7311,023,13275,Doctoral Dissertation,  1,TBA,TBA,Main Camp, ,Staff,08/26-12/13,17,5,0,5,To be determined by instructor ,   $40,BO, 
OPEN,CS,7311,024,13276,Doctoral Dissertation,  1,TBA,TBA,Main Camp, ,Fernandez, Amanda S.,08/26-12/13,17,5,0,5,To be determined by instructor ,   $40,BO, 
OPEN,CS,7311,025,13277,Doctoral Dissertation,  1,TBA,TBA,Main Camp, ,Staff,08/26-12/13,17,5,0,5,To be determined by instructor ,   $40,BO, 
OPEN,CS,7311,026,13704,Doctoral Dissertation,  1,TBA,TBA,Main Camp, ,Slavin, Rocky L.,08/26-12/13,17,5,0,5,To be determined by instructor ,   $40,BO, 
OPEN,CS,7313,001,10715,Doctoral Dissertation,  3,TBA,TBA,Main Camp, ,Boppana, Rajendra V.,08/26-12/13,17,10,0,10,To be determined by instructor ,  $120,BO, 
OPEN,CS,7313,002,10716,Doctoral Dissertation,  3,TBA,TBA,Main Camp, ,Gibson, Matthew R.,08/26-12/13,17,10,0,10,To be determined by instructor ,  $120,BO, 
OPEN,CS,7313,003,10735,Doctoral Dissertation,  3,TBA,TBA,Main Camp, ,Al Nasr, Kamal,08/26-12/13,17,10,0,10,To be determined by instructor ,  $120,BO, 
OPEN,CS,7313,004,10736,Doctoral Dissertation,  3,TBA,TBA,Main Camp, ,Jadliwala, Murtuza,08/26-12/13,17,10,0,10,To be determined by instructor ,  $120,BO, 
OPEN,CS,7313,005,10737,Doctoral Dissertation,  3,TBA,TBA,Main Camp, ,Korkmaz, Turgay  .,08/26-12/13,17,10,1,9,To be determined by instructor ,  $120,BO, 
OPEN,CS,7313,006,10903,Doctoral Dissertation,  3,TBA,TBA,Main Camp, ,Lama, Palden,08/26-12/13,17,10,0,10,To be determined by instructor ,  $120,BO, 
OPEN,CS,7313,007,11034,Doctoral Dissertation,  3,TBA,TBA,Main Camp, ,Staff,08/26-12/13,17,10,0,10,To be determined by instructor ,  $120,BO, 
OPEN,CS,7313,008,11036,Doctoral Dissertation,  3,TBA,TBA,Main Camp, ,Staff,08/26-12/13,17,10,0,10,To be determined by instructor ,  $120,BO, 
OPEN,CS,7313,009,11549,Doctoral Dissertation,  3,TBA,TBA,Main Camp, ,Staff,08/26-12/13,17,10,0,10,To be determined by instructor ,  $120,BO, 
OPEN,CS,7313,010,11550,Doctoral Dissertation,  3,TBA,TBA,Main Camp, ,Niu, Jianwei,08/26-12/13,17,10,0,10,To be determined by instructor ,  $120,BO, 
OPEN,CS,7313,011,11551,Doctoral Dissertation,  3,TBA,TBA,Main Camp, ,Quarles, John P.,08/26-12/13,17,10,0,10,To be determined by instructor ,  $120,BO, 
OPEN,CS,7313,012,11552,Doctoral Dissertation,  3,TBA,TBA,Main Camp, ,Ruan, Jianhua,08/26-12/13,17,10,1,9,To be determined by instructor ,  $120,BO, 
OPEN,CS,7313,013,11553,Doctoral Dissertation,  3,TBA,TBA,Main Camp, ,Sandhu, Ravi,08/26-12/13,17,10,1,9,To be determined by instructor ,  $120,BO, 
OPEN,CS,7313,014,11554,Doctoral Dissertation,  3,TBA,TBA,Main Camp, ,Staff,08/26-12/13,17,10,0,10,To be determined by instructor ,  $120,BO, 
OPEN,CS,7313,015,11555,Doctoral Dissertation,  3,TBA,TBA,Main Camp, ,Tosun, Ali S.,08/26-12/13,17,10,1,9,To be determined by instructor ,  $120,BO, 
OPEN,CS,7313,016,11556,Doctoral Dissertation,  3,TBA,TBA,Main Camp, ,Wang, Wei,08/26-12/13,17,10,0,10,To be determined by instructor ,  $120,BO, 
OPEN,CS,7313,017,11869,Doctoral Dissertation,  3,TBA,TBA,Main Camp, ,Wang, Xiaoyin,08/26-12/13,17,10,1,9,To be determined by instructor ,  $120,BO, 
OPEN,CS,7313,018,11870,Doctoral Dissertation,  3,TBA,TBA,Main Camp, ,White, Gregory B.,08/26-12/13,17,10,0,10,To be determined by instructor ,  $120,BO, 
OPEN,CS,7313,019,11871,Doctoral Dissertation,  3,TBA,TBA,Main Camp, ,Xu, Shouhuai,08/26-12/13,17,10,0,10,To be determined by instructor ,  $120,BO, 
OPEN,CS,7313,020,12327,Doctoral Dissertation,  3,TBA,TBA,Main Camp, ,Staff,08/26-12/13,17,10,0,10,To be determined by instructor ,  $120,BO, 
OPEN,CS,7313,021,12328,Doctoral Dissertation,  3,TBA,TBA,Main Camp, ,Zhang, Weining,08/26-12/13,17,10,0,10,To be determined by instructor ,  $120,BO, 
OPEN,CS,7313,022,12329,Doctoral Dissertation,  3,TBA,TBA,Main Camp, ,Zhu, Dakai,08/26-12/13,17,10,0,10,To be determined by instructor ,  $120,BO, 
OPEN,CS,7313,023,12363,Doctoral Dissertation,  3,TBA,TBA,Main Camp, ,Staff,08/26-12/13,17,10,0,10,To be determined by instructor ,  $120,BO, 
OPEN,CS,7313,024,12330,Doctoral Dissertation,  3,TBA,TBA,Main Camp, ,Fernandez, Amanda S.,08/26-12/13,17,10,0,10,To be determined by instructor ,  $120,BO, 
OPEN,CS,7313,025,12978,Doctoral Dissertation,  3,TBA,TBA,Main Camp, ,Staff,08/26-12/13,17,10,0,10,To be determined by instructor ,  $120,BO, 
OPEN,CS,7313,026,13705,Doctoral Dissertation,  3,TBA,TBA,Main Camp, ,Slavin, Rocky L.,08/26-12/13,17,5,0,5,To be determined by instructor ,  $120,BO, 
OPEN,CS,7316,001,11037,Doctoral Dissertation,  6,TBA,TBA,Main Camp, ,Boppana, Rajendra V.,08/26-12/13,17,10,0,10,To be determined by instructor ,  $240,BO, 
OPEN,CS,7316,002,11038,Doctoral Dissertation,  6,TBA,TBA,Main Camp, ,Gibson, Matthew R.,08/26-12/13,17,10,0,10,To be determined by instructor ,  $240,BO, 
OPEN,CS,7316,003,11039,Doctoral Dissertation,  6,TBA,TBA,Main Camp, ,Al Nasr, Kamal,08/26-12/13,17,10,0,10,To be determined by instructor ,  $240,BO, 
OPEN,CS,7316,004,11046,Doctoral Dissertation,  6,TBA,TBA,Main Camp, ,Jadliwala, Murtuza,08/26-12/13,17,10,0,10,To be determined by instructor ,  $240,BO, 
OPEN,CS,7316,005,11047,Doctoral Dissertation,  6,TBA,TBA,Main Camp, ,Korkmaz, Turgay  .,08/26-12/13,17,10,1,9,To be determined by instructor ,  $240,BO, 
OPEN,CS,7316,006,11048,Doctoral Dissertation,  6,TBA,TBA,Main Camp, ,Lama, Palden,08/26-12/13,17,10,0,10,To be determined by instructor ,  $240,BO, 
OPEN,CS,7316,007,11557,Doctoral Dissertation,  6,TBA,TBA,Main Camp, ,Staff,08/26-12/13,17,10,0,10,To be determined by instructor ,  $240,BO, 
OPEN,CS,7316,008,11558,Doctoral Dissertation,  6,TBA,TBA,Main Camp, ,Staff,08/26-12/13,17,10,0,10,To be determined by instructor ,  $240,BO, 
OPEN,CS,7316,009,11559,Doctoral Dissertation,  6,TBA,TBA,Main Camp, ,Staff,08/26-12/13,17,10,0,10,To be determined by instructor ,  $240,BO, 
OPEN,CS,7316,010,11560,Doctoral Dissertation,  6,TBA,TBA,Main Camp, ,Niu, Jianwei,08/26-12/13,17,10,1,9,To be determined by instructor ,  $240,BO, 
OPEN,CS,7316,011,11561,Doctoral Dissertation,  6,TBA,TBA,Main Camp, ,Quarles, John P.,08/26-12/13,17,10,0,10,To be determined by instructor ,  $240,BO, 
OPEN,CS,7316,012,11562,Doctoral Dissertation,  6,TBA,TBA,Main Camp, ,Ruan, Jianhua,08/26-12/13,17,10,1,9,To be determined by instructor ,  $240,BO, 
OPEN,CS,7316,013,11563,Doctoral Dissertation,  6,TBA,TBA,Main Camp, ,Sandhu, Ravi,08/26-12/13,17,10,1,9,To be determined by instructor ,  $240,BO, 
OPEN,CS,7316,014,11564,Doctoral Dissertation,  6,TBA,TBA,Main Camp, ,Staff,08/26-12/13,17,10,0,10,To be determined by instructor ,  $240,BO, 
OPEN,CS,7316,015,11565,Doctoral Dissertation,  6,TBA,TBA,Main Camp, ,Tosun, Ali S.,08/26-12/13,17,10,1,9,To be determined by instructor ,  $240,BO, 
OPEN,CS,7316,016,11566,Doctoral Dissertation,  6,TBA,TBA,Main Camp, ,Wang, Wei,08/26-12/13,17,10,0,10,To be determined by instructor ,  $240,BO, 
OPEN,CS,7316,017,11872,Doctoral Dissertation,  6,TBA,TBA,Main Camp, ,Wang, Xiaoyin,08/26-12/13,17,10,2,8,To be determined by instructor ,  $240,BO, 
OPEN,CS,7316,018,11873,Doctoral Dissertation,  6,TBA,TBA,Main Camp, ,White, Gregory B.,08/26-12/13,17,10,0,10,To be determined by instructor ,  $240,BO, 
OPEN,CS,7316,019,11874,Doctoral Dissertation,  6,TBA,TBA,Main Camp, ,Xu, Shouhuai,08/26-12/13,17,10,0,10,To be determined by instructor ,  $240,BO, 
OPEN,CS,7316,020,12331,Doctoral Dissertation,  6,TBA,TBA,Main Camp, ,Staff,08/26-12/13,17,10,0,10,To be determined by instructor ,  $240,BO, 
OPEN,CS,7316,021,12332,Doctoral Dissertation,  6,TBA,TBA,Main Camp, ,Zhang, Weining,08/26-12/13,17,10,0,10,To be determined by instructor ,  $240,BO, 
OPEN,CS,7316,022,12333,Doctoral Dissertation,  6,TBA,TBA,Main Camp, ,Zhu, Dakai,08/26-12/13,17,10,1,9,To be determined by instructor ,  $240,BO, 
OPEN,CS,7316,023,12364,Doctoral Dissertation,  6,TBA,TBA,Main Camp, ,Staff,08/26-12/13,17,10,0,10,To be determined by instructor ,  $240,BO, 
OPEN,CS,7316,024,12334,Doctoral Dissertation,  6,TBA,TBA,Main Camp, ,Fernandez, Amanda S.,08/26-12/13,17,10,0,10,To be determined by instructor ,  $240,BO, 
OPEN,CS,7316,025,12735,Doctoral Dissertation,  6,TBA,TBA,Main Camp, ,Staff,08/26-12/13,17,10,0,10,To be determined by instructor ,  $240,BO, 
OPEN,CS,7316,026,12766,Doctoral Dissertation,  6,TBA,TBA,Main Camp, ,Slavin, Rocky L.,08/26-12/13,17,10,0,10,To be determined by instructor ,  $240,BO, 
Total number of courses =   526
